GroupCode,SubCode,CodeName,CodeName2,CodeEngName,CodeEngName2,CodeDiv,CodeGroupType,CodeNote,UseYN
A109,$,결재진행상태,NULL,NULL,NULL,A,NULL,결의서진행상태,Y
A109,0,작성,NULL,NULL,NULL,A,NULL,NULL,Y
A109,10,결의서작성,NULL,NULL,NULL,A,NULL,결의서확인(확인사용시),Y
A109,20,결재상신(미),NULL,,,A,NULL,전자결재_미사용,N
A109,30,결재상신,NULL,NULL,NULL,A,NULL,NULL,Y
A109,40,재무팀접수,NULL,NULL,NULL,A,NULL,NULL,Y
A109,50,재무팀결재,NULL,NULL,NULL,A,NULL,NULL,Y
A109,60,전표등록,NULL,NULL,NULL,A,NULL,NULL,Y
A110,$,통제여부,NULL,NULL,NULL,A,NULL,예산통제여부체크,Y
A110,1,미통제,NULL,NULL,NULL,A,NULL,NULL,Y
A110,2,통제승인,NULL,NULL,NULL,A,NULL,NULL,Y
A110,3,반려,NULL,NULL,NULL,A,NULL,NULL,Y
A113,$,결의서구분,NULL,NULL,NULL,A,NULL,결의서 구분,Y
A113,1,수입결의서,NULL,NULL,NULL,A,NULL,NULL,Y
A113,2,지출결의서,NULL,NULL,NULL,A,NULL,NULL,Y
A113,3,대체결의서(재무팀),NULL,NULL,NULL,A,NULL,NULL,Y
A113,4,구매결의서(총무팀),NULL,NULL,NULL,A,NULL,NULL,Y
A113,5,전도금청구,NULL,NULL,NULL,A,NULL,NULL,Y
A113,6,전도금정산,NULL,NULL,NULL,A,NULL,NULL,Y
A201,$,물품구분,NULL,NULL,NULL,A,NULL,자산여부,Y
A201,BA,집기비품,NULL,NULL,NULL,A,2,Y,Y
A201,BB,사무용집기비품,NULL,NULL,NULL,A,2,Y,N
A201,EA,행정소모품,NULL,,,A,4,N,Y
A201,KA,기계기구,NULL,NULL,NULL,A,1,Y,Y
A201,KB,사무용기계기구,NULL,NULL,NULL,A,1,Y,N
A201,SA,실습소모품,NULL,NULL,NULL,A,3,NULL,Y
A204,$,구매단위,NULL,NULL,NULL,A,NULL,NULL,Y
A204,10,개,NULL,NULL,NULL,A,NULL,NULL,Y
A204,20,SET,NULL,NULL,NULL,A,NULL,NULL,Y
A204,30,매,NULL,NULL,NULL,A,NULL,NULL,Y
A204,40,BOX,NULL,NULL,NULL,A,NULL,NULL,Y
A208,$,구매진행상태,NULL,NULL,NULL,A,NULL,NULL,Y
A208,0,작성,NULL,NULL,NULL,A,NULL,NULL,Y
A208,10,결재상신,NULL,NULL,NULL,A,NULL,NULL,Y
A208,20,구매신청,NULL,NULL,NULL,A,NULL,NULL,Y
A208,30,산학접수,NULL,NULL,NULL,A,NULL,NULL,Y
A208,40,심의승인,NULL,NULL,NULL,A,NULL,NULL,Y
A208,50,구매완료,NULL,NULL,NULL,A,NULL,NULL,Y
A208,60,검수완료,NULL,NULL,NULL,A,NULL,NULL,Y
A208,99,심의반려,NULL,NULL,NULL,A,NULL,NULL,Y
A303,$,자산상태,NULL,NULL,NULL,A,NULL,NULL,Y
A303,1,양호,NULL,NULL,NULL,A,NULL,NULL,Y
A303,2,불용,NULL,NULL,NULL,A,NULL,NULL,Y
A303,3,망실,NULL,NULL,NULL,A,NULL,NULL,Y
A303,4,손실,NULL,NULL,NULL,A,NULL,NULL,Y
A303,5,처분,NULL,NULL,NULL,A,NULL,NULL,Y
A303,6,폐기,NULL,NULL,NULL,A,NULL,NULL,Y
A304,$,취득구분,NULL,NULL,NULL,A,NULL,NULL,Y
A304,1,구매,NULL,NULL,NULL,A,NULL,NULL,Y
A304,2,기증,NULL,NULL,NULL,A,NULL,NULL,Y
A304,3,기타,NULL,NULL,NULL,A,NULL,NULL,Y
A400,$,근무지역,NULL,NULL,NULL,A,NULL,NULL,Y
A400,1,영도(간호대포함),NULL,,,A,NULL,NULL,Y
A400,2,송도(의과대학),NULL,,,A,NULL,NULL,Y
A400,3,천안(신대원),NULL,,,A,NULL,NULL,Y
A400,4,송도(법인),NULL,,,A,NULL,NULL,Y
A401,$,직급,NULL,NULL,NULL,A,직종,구분,Y
A401,A101,총장,NULL,President,President,A,4,1,Y
A401,A102,부총장,NULL,Vice-President,Vice-President,A,4,1,Y
A401,A103,특임부총장,NULL,Vice-President,Vice-President,S,4,1,Y
A401,A110,교수,NULL,Professor,Professor,A,4,1,Y
A401,A120,부교수,NULL,Associate Professor,Associate Professor,A,4,1,Y
A401,A130,조교수,NULL,Assistant Professor,Assistant Professor,A,4,1,Y
A401,A140,전임강사,NULL,Full-time Lecturer,Lecturer,A,4,1,Y
A401,A150,조교수대우,NULL,Assistant Treatment,Assistant Treatment,A,4,1,Y
A401,A160,전임강사대우,NULL,Lecturer Treatment,Lecturer Treatment,A,4,1,Y
A401,A210,겸임교수,겸임,Adjunct Professor,Adjunct Professor,A,5,1,Y
A401,A220,객원교수,객원,Visiting Scholar,Visiting Scholar,A,5,1,Y
A401,A230,석좌교수,석좌,Chair Professor,Chair Professor,A,5,1,Y
A401,A240,대우교수,대우,NULL,NULL,A,5,1,Y
A401,A250,명예교수,명예,Emeritus Professor,Emeritus Professor,A,5,1,Y
A401,A260,교환교수,교환,NULL,NULL,A,5,1,Y
A401,A270,초빙교수,초빙,Visiting Professor,Visiting Professor,A,5,1,Y
A401,A280,연구교수,연구,Research Professor,Research Professor,A,5,1,Y
A401,A285,특임교수,특임,NULL,NULL,A,5,1,Y
A401,A290,강사,NULL,NULL,NULL,A,e,1,Y
A401,A301,시간강사,시간,Part-Time Instructor,Part-Time Instructor,A,8,3,N
A401,A302,일반강사,일반,,,A,8,3,Y
A401,A303,팀티칭강사,팀티칭,,,A,8,3,Y
A401,A304,원도심강사,원도심,190812..jje,,A,e,3,Y
A401,A305,외래강사,외래,,,A,8,3,Y
A401,A306,인턴강사,NULL,,,A,8,3,Y
A401,A307,주임강사,NULL,,,A,8,3,Y
A401,A308,수습강사,NULL,,,A,8,3,Y
A401,A901,학사조교A,NULL,Office Assistant,Office Assistant,A,7,2,Y
A401,A902,학사조교B,NULL,Office Assistant,Office Assistant,A,7,2,Y
A401,A903,실습조교A,실습,Laboratory Assistant,Laboratory Assistant,A,7,2,Y
A401,A904,실습조교B,실습,Laboratory Assistant,Laboratory Assistant,A,7,2,Y
A401,A905,실습조교C,실습,Laboratory Assistant,Laboratory Assistant,A,7,2,Y
A401,A906,장학조교,NULL,NULL,NULL,A,7,2,Y
A401,A907,인턴조교,NULL,,,A,7,2,Y
A401,A908,MD조교,NULL,,,A,7,2,Y
A401,A909,조교,NULL,Office Assistant,Office Assistant,A,7,2,N
A401,A910,학사조교C,NULL,Office Assistant,Office Assistant,A,7,2,Y
A401,A912,실습조교D,실습,,,A,7,2,Y
A401,B101,일반직1급,NULL,NULL,NULL,A,1,2,N
A401,B102,일반직2급,NULL,NULL,NULL,A,1,2,Y
A401,B103,일반직3급,NULL,Director,NULL,A,1,2,Y
A401,B104,일반직4급,NULL,Senior Manager,,A,1,2,Y
A401,B105,일반직5급,NULL,Manager,,A,1,2,Y
A401,B106,일반직6급,NULL,Assistant Manager,Assistant Manager,A,1,2,Y
A401,B107,일반직7급,NULL,Associate,,A,1,2,Y
A401,B108,일반직8급,NULL,Associate,,A,1,2,Y
A401,B109,일반직9급,NULL,Associate,,A,1,2,Y
A401,B201,기술직1급,NULL,NULL,NULL,A,2,2,N
A401,B202,기술직2급,NULL,NULL,NULL,A,2,2,N
A401,B203,기술직3급,NULL,Director,NULL,A,2,2,N
A401,B204,기술직4급,NULL,Senior Manager,,A,2,2,Y
A401,B205,기술직5급,NULL,Manager,,A,2,2,Y
A401,B206,기술직6급,NULL,Assistant Manager,,A,2,2,Y
A401,B207,기술직7급,NULL,Associate,,A,2,2,Y
A401,B208,기술직8급,NULL,Associate,,A,2,2,Y
A401,B209,기술직9급,NULL,Associate,,A,2,2,Y
A401,B305,기능직5급,NULL,Manager,NULL,A,3,2,N
A401,B306,기능직6급,NULL,Assistant Manager,,A,3,2,Y
A401,B307,기능직7급,NULL,Assistant Manager,,A,3,2,Y
A401,B308,기능직8급,NULL,Associate,,A,3,2,Y
A401,B309,기능직9급,NULL,Associate,,A,3,2,Y
A401,B310,기능직10급,NULL,Associate,,A,3,2,Y
A401,B401,인턴,NULL,NULL,NULL,A,3,2,Y
A401,C401,계약직,계약,,,A,6,2,Y
A401,C402,무기계약직,무기,,,A,6,2,Y
A401,C406,청소미화원(일반),계약,,,A,6,2,Y
A401,C407,청소미화원(무기),무기,,,A,6,2,Y
A401,C408,방호원,계약,,,A,6,2,Y
A401,C410,행정직,계약,,,A,6,2,Y
A401,C411,연구직,계약,,,A,6,2,Y
A401,C412,기능직,계약,,,A,6,2,Y
A401,C413,코치직,계약,,,A,6,2,Y
A401,C414,상담직,계약,,,A,6,2,Y
A401,C415,연구직(무기),무기,,,A,6,2,Y
A401,C501,계약직(연봉제),계약,,,A,6,2,Y
A401,C601,수습직,수습,,,A,a,2,Y
A401,C602,임시직,NULL,,,A,b,2,N
A401,C901,파견직,NULL,NULL,NULL,A,9,3,N
A402,$,직종코드,계약구분,NULL,NULL,A,NULL,구분,Y
A402,1,일반직,전임,NULL,NULL,A,NULL,2,Y
A402,2,기술직,전임,NULL,NULL,A,NULL,2,Y
A402,3,기능직,전임,NULL,NULL,A,NULL,2,Y
A402,4,전임교원(정년),전임,,,A,NULL,1,Y
A402,5,비전임교원,비전임,NULL,NULL,A,NULL,1,Y
A402,6,계약직,비전임,NULL,NULL,A,NULL,2,Y
A402,7,조교,비전임,,,A,NULL,2,Y
A402,8,시간강사,비전임,NULL,NULL,A,NULL,3,Y
A402,a,수습직,비전임,,,A,NULL,2,Y
A402,b,임시직,비전임,,,A,NULL,2,Y
A402,c,전임교원(비정년),전임,,,A,NULL,1,Y
A402,e,강사,비전임,,,A,,1,Y
A402,f,연구직,비전임,,,A,,2,N
A402,g,상담직,비전임,,,A,,2,N
A402,h,코치직,비전임,,,A,,2,N
A402,i,기능직,비전임,,,A,,2,N
A402,j,행정직,비전임,,,A,,2,N
A403,$,보직코드,NULL,NULL,NULL, ,순서,구분,Y
A403,0,발령대기,NULL,,, ,90000,0,Y
A403,1,총장,교무위원,President,President,1,1,1,Y
A403,2,부총장,교무위원,Vice President,Vice President,1,2,1,Y
A403,3,대학원장,교무위원,,1,1,5,1,Y
A403,4,신학대학원장,NULL,,2,2,20,1,Y
A403,5,선교목회대학원장,NULL,,2,2,22,1,Y
A403,6,교육대학원장,NULL,,2,2,21,1,Y
A403,7,생활정보대학원장,NULL,,2, ,26,1,N
A403,8,보건대학원장,NULL,,2,2,25,1,Y
A403,9,교목실장,교무위원,,1,1,6,1,Y
A403,10,기획처장,교무위원,,1,1,7,1,Y
A403,100,보건대학원전공주임,NULL,,NULL, ,162,1,Y
A403,101,보건진료소장,NULL,,8, ,163,1,Y
A403,102,운영위원장,NULL,,12, ,147,1,Y
A403,103,교회음악대학원주임교수직무대리,NULL,,NULL, ,165,1,Y
A403,104,교수학습지원실장(송),NULL,,NULL, ,167,1,Y
A403,105,전문인선교훈련원장,NULL,,NULL, ,168,1,Y
A403,106,의대주임교수직무대행,NULL,,NULL, ,169,1,Y
A403,107,입학홍보실장(송),NULL,,NULL, ,170,1,Y
A403,108,임상교육지원실장(송),NULL,,NULL, ,171,1,Y
A403,109,IRB위원장,NULL,,, ,172,1,Y
A403,11,교무처장,교무위원,Dean of Academic Affairs,1,1,8,1,Y
A403,110,전문위원,NULL,,, ,173,1,Y
A403,111,학부전공주임,NULL,,, ,174,1,Y
A403,112,의대주임교수대리,NULL,,, ,175,1,Y
A403,113,부처장직무대리,NULL,NULL,5,1,176,1,Y
A403,114,책임연구원,NULL,,, ,177,1,Y
A403,115,기독교세계관대학원장,NULL,,2,2,178,1,Y
A403,116,학생상담센터장,NULL,,8, ,179,1,N
A403,117,연구지원실장(송),NULL,,, ,180,1,Y
A403,118,입학취업처장,NULL,,1,1,181,1,Y
A403,119,창업교육센터장,NULL,,1, ,182,1,N
A403,12,학생복지취업처장,교무위원,,1,1,9,1,Y
A403,120,부센터장,NULL,,,2,183,1,Y
A403,121,원장직무대행,NULL,NULL,NULL, ,184,1,Y
A403,122,기상대학원장직무대리,기독교상담대학원장직무대리,NULL,2, ,23,1,Y
A403,123,개인정보보호책임자,NULL,Cheif Privacy Officer,CPO, ,13,1,Y
A403,124,교육혁신원장,NULL,,, ,186,1,Y
A403,125,교육과정개발센터장,NULL,,, ,187,1,N
A403,126,교육질관리센터장,NULL,,, ,188,1,N
A403,127,특임부총장,교무위원,,,1,4,1,Y
A403,128,복음병원장 직무대행,교무위원,,8,1,16,1,Y
A403,129,부원장(병원),NULL,,, ,190,1,Y
A403,13,대외협력처장,교무위원,,1,1,10,1,Y
A403,130,기획조정실장(병원),NULL,,, ,191,1,Y
A403,131,진료부장(병원),NULL,,, ,192,1,Y
A403,132,진료지원부장(병원),NULL,,, ,193,1,Y
A403,133,적정진료관리실장(병원),NULL,,, ,194,1,Y
A403,134,대외협력실장(병원),NULL,,, ,195,1,Y
A403,135,교육연구부장(병원),NULL,,, ,196,1,Y
A403,136,감염관리실장(병원),NULL,,, ,197,1,Y
A403,137,의학도서관장(병원),NULL,,, ,198,1,Y
A403,138,직업환경보건센터소장(병원),NULL,,, ,199,1,Y
A403,139,건강증진센터소장(병원),NULL,,, ,200,1,Y
A403,14,입학관리처장,교무위원,,1,1,11,1,Y
A403,140,임상시험센터소장(병원),NULL,,, ,201,1,Y
A403,141,중앙의학연구소장(병원),NULL,,, ,203,1,Y
A403,142,장기려기념의료선교센터장(병원),NULL,,, ,204,1,N
A403,144,중환자실장(병원),NULL,,, ,205,1,Y
A403,145,응급의료센터실장(병원),NULL,,, ,206,1,Y
A403,146,u-헬스케어센터장(병원),NULL,,, ,207,1,N
A403,147,팀원,NULL,,, ,310,2,Y
A403,148,사무처장직무대행,교무위원,NULL,NULL,1,12,2,Y
A403,149,교회음악대학원음악치료전공주임,NULL,,, ,166,1,Y
A403,15,사무처장,교무위원,,1,1,12,2,Y
A403,150,QPS실장(병원),NULL,NULL,NULL, ,208,1,Y
A403,151,운영책임전임교원,NULL,,, ,213,1,Y
A403,152,소장,NULL,,NULL, ,214,1,Y
A403,153,드림지원부장,NULL,,, ,209,1,Y
A403,154,임상시험센터부소장(병원),NULL,NULL,NULL,1,202,1,Y
A403,155,학생복지취업처장직무대리,교무위원,,1,1,12,1,Y
A403,156,교육대학원 상담심리전공주임,NULL,NULL,NULL, ,167,1,Y
A403,157,간사(교목),NULL,NULL,NULL, ,146,2,Y
A403,158,센터장직무대리,NULL,NULL,NULL, ,165,1,Y
A403,159,비서실장,NULL,NULL,NULL, ,25,0,Y
A403,16,학장,NULL,,3,2,30,1,Y
A403,17,학술정보관장,NULL,,8,2,100,0,Y
A403,18,산학협력단장,NULL,,10,2,101,1,Y
A403,180,카페에또와 대표이사,NULL,NULL,NULL, ,210,1,Y
A403,181,관리감독위원장,NULL,NULL,NULL, ,211,1,Y
A403,182,부팀장,NULL,NULL,NULL, ,303,2,N
A403,183,교육간호사,NULL,NULL,NULL, ,215,2,N
A403,184,입학사정관,NULL,NULL,NULL, ,216,1,N
A403,185,책임사정관,NULL,NULL,NULL, ,217,1,N
A403,186,교회음악대학원장직무대리,NULL,NULL,NULL, ,24,1,Y
A403,187,대외협력처장직무대리,교무위원,,1,1,10,1,Y
A403,188,책임교수(도박),NULL,,, ,150,1,Y
A403,189,사무부처장직무대행,NULL,NULL,NULL,1,13,2,Y
A403,19,평생교육원장,NULL,,8,2,102,1,Y
A403,190,국제융합대학원장,NULL,NULL,NULL,2,25,1,Y
A403,191,선교목회대학원장 직무대리,NULL,,NULL,1,10,1,Y
A403,192,국제융합대학원학과장,NULL,NULL,NULL,NULL,111,1,Y
A403,193,대외국제처장,교무위원,,1,1,10,1,Y
A403,194,입학처장,교무위원,,1,1,11,1,Y
A403,195,대외국제처장직무대리,교무위원,,1,1,10,1,Y
A403,196,진료부원장,NULL,NULL,1, ,208,1,Y
A403,197,연구부원장,NULL,NULL,1, ,208,1,Y
A403,198,수혈관리실장,NULL,NULL,1, ,208,1,Y
A403,199,교육혁신원부원장,NULL,,, ,186,1,Y
A403,20,여자신학원장,NULL,,8,2,103,1,Y
A403,200,입학부처장 대리,NULL,,, ,12,1,Y
A403,201,RISE사업단장,NULL,,, ,101,1,Y
A403,202,책임교수(드림),NULL,,,A,150,1,Y
A403,203,교무부처장,NULL,,, ,15,1,Y
A403,204,입학부처장,NULL,,, ,15,1,Y
A403,205,교무부처장 대리,NULL,,, ,16,1,Y
A403,206,RISE사업부단장,NULL,,, ,101,1,Y
A403,21,생활관장,NULL,,8, ,104,0,Y
A403,22,대학원 교학처장,NULL,,7,2,27,1,Y
A403,23,정보통신센터장,NULL,,8, ,105,1,N
A403,24,어린이집원장,NULL,,8, ,218,1,Y
A403,25,교목,NULL,NULL,NULL, ,107,0,Y
A403,26,학부장,NULL,,6, ,108,1,Y
A403,27,학과장,NULL,Department Chair,6, ,109,1,Y
A403,28,대학원 학과장,NULL,Department Chair,7, ,110,1,Y
A403,29,중앙기기센터장,NULL,,8, ,111,1,N
A403,30,종합인력정보센터소장,NULL,,8, ,112,1,N
A403,31,연구소장,NULL,,9, ,113,1,Y
A403,32,출판부장,NULL,,8, ,114,1,Y
A403,33,언론주간교수,NULL,NULL,NULL, ,115,1,Y
A403,34,합창단 상임지휘자,NULL,NULL,NULL, ,116,1,Y
A403,35,교육대학원전공주임,NULL,,, ,117,1,Y
A403,36,교수학습지원센터장,NULL,,8, ,118,1,N
A403,37,의료복지경영센타소장,NULL,NULL,NULL, ,119,1,N
A403,38,세계선교센터장,NULL,,, ,120,1,N
A403,39,개혁주의학술원장,NULL,,8, ,121,1,Y
A403,40,글로벌언어교육원장,NULL,,8, ,122,1,Y
A403,41,총장직무대행,교무위원,,1,1,1,1,Y
A403,42,대학원장직무대리,교무위원,,1,1,5,1,Y
A403,43,기획실장직무대리,교무위원,,1,1,7,1,Y
A403,44,학장직무대리,NULL,,3,2,30,1,Y
A403,45,학부장직무대리,NULL,,6, ,123,1,Y
A403,46,학과장직무대리,NULL,,6, ,124,1,Y
A403,47,도서관장,NULL,NULL,NULL, ,125,1,N
A403,48,전산실장,NULL,NULL,NULL, ,126,1,N
A403,49,공동기기실장,NULL,NULL,NULL, ,127,1,N
A403,50,사회교육원 교수부장,NULL,NULL,NULL, ,128,1,Y
A403,51,글로벌언어교육부원장,NULL,NULL,NULL, ,129,1,Y
A403,52,진로취업지원센터장,NULL,,8, ,130,1,N
A403,53,보건의료최고경영자교육원장,NULL,,8, ,131,1,Y
A403,54,의대 전공주임교수,NULL,NULL,NULL, ,132,1,Y
A403,55,기독교상담대학원장,NULL,,2,2,23,1,Y
A403,56,교회음악대학원장,NULL,,2,2,24,1,Y
A403,57,부학장,NULL,,4, ,31,1,N
A403,58,의학교육센타장(송),NULL,,NULL, ,133,1,Y
A403,59,의학센타장(송),NULL,,NULL, ,134,1,Y
A403,60,고신역사기념관장,NULL,,8, ,135,1,Y
A403,61,과장,NULL,Senior Manager,NULL,2,305,2,Y
A403,62,과장대리,NULL,Manager,NULL,2,306,2,Y
A403,63,계장,NULL,Assistant Manager,NULL, ,307,2,Y
A403,64,주임,NULL,Associate,NULL, ,308,2,Y
A403,65,예비군대대장,NULL,NULL,NULL, ,144,2,Y
A403,66,기획부실장,NULL,,5, ,136,2,Y
A403,67,사무부처장,NULL,,1,1,15,2,Y
A403,68,팀장,NULL,,NULL,2,301,2,Y
A403,69,팀장직무대리,NULL,,NULL, ,302,2,Y
A403,70,예비군대대장직무대리,NULL,,NULL, ,145,2,Y
A403,71,사무처장직무대리,교무위원,,1,1,12,2,Y
A403,72,간사,NULL,,NULL, ,146,2,Y
A403,73,센터장,NULL,,NULL,2,164,1,Y
A403,74,책임팀장,NULL,,NULL,2,300,2,Y
A403,81,학생처장,NULL,,NULL, ,149,1,N
A403,82,연구처장,NULL,,NULL, ,150,1,N
A403,83,연구국제교류처장,NULL,,NULL, ,151,1,N
A403,84,입학홍보처장,NULL,,NULL, ,152,1,N
A403,85,선교대학원장,NULL,,NULL, ,153,1,N
A403,86,사회교육원장,NULL,,NULL, ,154,1,N
A403,87,취업정보센터소장,NULL,,NULL, ,155,1,N
A403,88,영어담당사역 교목,NULL,,, ,156,1,Y
A403,89,TESOL교육원장,NULL,,NULL, ,157,1,Y
A403,90,의무부총장,교무위원,,NULL,1,3,1,Y
A403,91,학장직무대행,NULL,,NULL, ,30,1,N
A403,92,총장보좌역,NULL,,NULL, ,158,1,Y
A403,93,TESOL대학원장,NULL,,2,2,159,1,Y
A403,94,부처장,NULL,,5,1,160,1,Y
A403,95,교무부학장(송),NULL,,4,2,31,1,Y
A403,96,학생부학장(송),NULL,,4,2,31,1,Y
A403,97,교수연구및기금부학장(송),NULL,,4,2,31,1,Y
A403,98,교육부학장(송),NULL,,4,2,31,1,Y
A403,99,복음병원장,NULL,,8, ,16,1,Y
A404,$,학위구분,NULL,academicdegree,NULL,A,NULL,NULL,Y
A404,1,무학,NULL,NULL,NULL,A,NULL,NULL,N
A404,2,초등학교,NULL,NULL,NULL,A,NULL,NULL,N
A404,3,중학교,NULL,NULL,NULL,A,NULL,NULL,N
A404,4,고등학교,NULL,,,A,NULL,1,Y
A404,5,전문학사,NULL,,,A,NULL,2,Y
A404,6,연구과정,NULL,,,A,NULL,9,Y
A404,10,학사,NULL,,,A,NULL,3,Y
A404,11,석사,NULL,,,A,NULL,4,Y
A404,12,박사,NULL,,,A,NULL,5,Y
A404,20,수료(박사),NULL,,,A,NULL,4,Y
A404,21,수료(석사),NULL,,,A,NULL,3,Y
A404,99,기타,NULL,,,A,NULL,9,Y
A405,$,임용구분,NULL,NULL,Cd EndDt ctrl,A,A447,NULL,Y
A405,1,신규임용,NULL,NULL,NULL,A,1,NULL,Y
A405,2,재임용,NULL,NULL,NULL,A,1,NULL,Y
A405,3,퇴직후신규임용,NULL,NULL,,A,1,NULL,Y
A405,4,수습임용,NULL,NULL,,A,1,NULL,Y
A405,5,직종전환임용,NULL,NULL,,A,1,,Y
A405,10,승진,NULL,NULL,NULL,A,2,NULL,Y
A405,100,해촉,NULL,NULL,,A,9,면직,Y
A405,101,당연퇴직,NULL,NULL,,A,9,면직,N
A405,102,전직퇴직,NULL,NULL,,A,9,면직,Y
A405,11,승급,NULL,NULL,,A,2,NULL,N
A405,12,보직,NULL,NULL,NULL,A,2,NULL,Y
A405,13,겸직,NULL,NULL,,A,3,NULL,Y
A405,14,직종전환,NULL,NULL,NULL,A,2,NULL,Y
A405,15,전보,NULL,NULL,NULL,A,3,NULL,Y
A405,16,소속변경,NULL,NULL,NULL,A,3,NULL,Y
A405,17,직급전환,NULL,NULL,,A,2,NULL,Y
A405,18,직렬변경,NULL,NULL,,2,2,NULL,Y
A405,20,휴직,NULL,NULL,NULL,A,3,NULL,Y
A405,21,복직,NULL,NULL,NULL,A,3,NULL,Y
A405,22,파견,NULL,NULL,NULL,A,3,NULL,Y
A405,23,연구년,NULL,NULL,,A,3,NULL,Y
A405,24,연구년만료,NULL,NULL,23,A,3,NULL,N
A405,25,파견종료,NULL,NULL,22,A,3,NULL,Y
A405,26,휴가,NULL,NULL,NULL,A,3,NULL,Y
A405,30,직위해제,NULL,NULL,NULL,A,,NULL,Y
A405,31,직무정지,NULL,NULL,NULL,A,2,NULL,Y
A405,40,보직사임(해임),NULL,NULL,12,A,2,NULL,Y
A405,41,겸직사임,NULL,NULL,13,A,3,NULL,N
A405,42,겸직해제,NULL,NULL,13,A,3,NULL,Y
A405,51,해임,NULL,NULL,NULL,A,9,면직,N
A405,52,파면,NULL,NULL,NULL,A,9,면직,N
A405,53,정직,NULL,NULL,NULL,A,2,징계,Y
A405,54,감봉,NULL,NULL,NULL,A,2,징계,N
A405,55,견책,NULL,NULL,NULL,A,2,징계,N
A405,90,희망퇴직,NULL,NULL,,A,9,면직,Y
A405,91,정년퇴직면직,NULL,NULL,,A,9,면직,Y
A405,92,의원면직,NULL,NULL,,A,9,면직,Y
A405,93,재임용탈락면직,NULL,NULL,,A,9,면직,Y
A405,94,징계해임,NULL,NULL,NULL,A,9,면직,Y
A405,95,사망면직,NULL,NULL,,A,9,면직,Y
A405,96,자동면직,NULL,NULL,,A,9,면직,Y
A405,97,계약만료퇴직,NULL,NULL,,A,9,면직,Y
A405,98,임용취소,NULL,NULL,,A,9,면직,Y
A405,99,명예퇴직,NULL,NULL,,A,9,면직,Y
A410,$,경력구분,NULL,NULL,NULL,A,NULL,NULL,Y
A410,1,교육,NULL,NULL,NULL,A,NULL,NULL,Y
A410,2,연구,NULL,NULL,NULL,A,NULL,NULL,Y
A410,3,회사,NULL,NULL,NULL,A,NULL,NULL,Y
A410,4,기타,NULL,NULL,NULL,A,NULL,NULL,Y
A411,$,재직구분,NULL,NULL,NULL,A,NULL,구분,Y
A411,0,임용전대기,NULL,,,A,1,NULL,Y
A411,1,재직,NULL,,,A,1,NULL,Y
A411,2,휴직,NULL,NULL,NULL,A,1,NULL,Y
A411,3,파면,NULL,,,A,2,NULL,N
A411,4,퇴직,NULL,NULL,NULL,A,2,NULL,Y
A411,5,파견,NULL,,,A,1,NULL,N
A411,6,연구년,NULL,,,A,1,NULL,Y
A419,$,진행상태,NULL,NULL,NULL,A,NULL,상태,Y
A419,0,작성,NULL,NULL,NULL,A,NULL,C,Y
A419,1,신청,NULL,NULL,NULL,A,NULL,C,Y
A419,2,접수,NULL,NULL,NULL,A,NULL,C,Y
A419,3,결재완료,NULL,NULL,NULL,A,NULL,C,Y
A419,4,반려,NULL,NULL,NULL,A,NULL,D,Y
A419,5,취소,NULL,,,A,NULL,D,Y
A419,6,회수,NULL,,,A,NULL,D,Y
A422,$,교직원구분,NULL,NULL,NULL,A,NULL,NULL,Y
A422,1,교원,NULL,NULL,NULL,A,NULL,NULL,Y
A422,2,직원,NULL,NULL,NULL,A,NULL,NULL,Y
A422,3,조교,NULL,,,A,NULL,NULL,Y
A424,$,증명서발급용도구분,NULL,NULL,NULL,A,NULL,NULL,Y
A424,1,은행제출용,NULL,To submit in a Bank,To submit in a Bank,A,NULL,NULL,Y
A424,2,회사제출용,NULL,To submit in a Company,To submit in a Company,A,NULL,NULL,N
A424,3,학교제출용,NULL,To submit in a School,To submit in a School,A,NULL,NULL,N
A424,4,비자발급용,NULL,Applying for entry VISA,Applying for entry VISA,A,NULL,NULL,Y
A424,5,기관제출용,NULL,To submit to an Institution,To submit to an Institution,A,NULL,NULL,Y
A424,6,한국교직원공제회 제출용,NULL,To submit in a KTCU,To submit in a KTCU,A,NULL,NULL,Y
A428,$,근태구분,NULL,NULL,NULL,A,NULL,order,Y
A428,1,연차,NULL,NULL,NULL,A,1,1,Y
A428,2,반차,NULL,NULL,NULL,A,1,2,Y
A428,3,공가,NULL,NULL,NULL,A,1,4,Y
A428,4,병가,NULL,NULL,NULL,A,1,5,Y
A428,5,경조,NULL,,,A,1,6,Y
A428,6,출산휴가,NULL,,,A,1,7,Y
A428,7,특별휴가,NULL,,,A,1,8,Y
A428,8,반반차,NULL,NULL,NULL,A,1,3,Y
A428,10,지각,NULL,NULL,NULL,A,NULL,NULL,N
A428,11,외출,NULL,NULL,NULL,A,NULL,NULL,N
A428,12,조퇴,NULL,NULL,NULL,A,NULL,NULL,N
A428,13,결근,NULL,NULL,NULL,A,NULL,NULL,N
A428,14,무단결근,NULL,NULL,NULL,A,NULL,NULL,N
A428,20,기타,NULL,NULL,NULL,A,1,9,Y
A428,21,외근,NULL,NULL,NULL,A,NULL,NULL,N
A428,98,연차보상휴가,NULL,NULL,NULL,A,NULL,NULL,N
A428,99,대체휴가지급,NULL,,,A,NULL,NULL,N
A433,$,전공계열(교육통계),NULL,NULL,NULL,A,NULL,NULL,Y
A433,1,어문계,NULL,NULL,NULL,A,NULL,NULL,Y
A433,2,인문계,NULL,NULL,NULL,A,NULL,NULL,Y
A433,3,법정계,NULL,NULL,NULL,A,NULL,NULL,Y
A433,4,상경계,NULL,NULL,NULL,A,NULL,NULL,Y
A433,5,사회계,NULL,NULL,NULL,A,NULL,NULL,Y
A433,6,이학계,NULL,NULL,NULL,A,NULL,NULL,Y
A433,7,공학계,NULL,NULL,NULL,A,NULL,NULL,Y
A433,8,농학계,NULL,NULL,NULL,A,NULL,NULL,Y
A433,9,수의학계,NULL,NULL,NULL,A,NULL,NULL,Y
A433,10,수산해양계,NULL,NULL,NULL,A,NULL,NULL,Y
A433,11,가정계,NULL,NULL,NULL,A,NULL,NULL,Y
A433,12,의학계,NULL,NULL,NULL,A,NULL,NULL,Y
A433,13,치의학계,NULL,NULL,NULL,A,NULL,NULL,Y
A433,14,한의학계,NULL,NULL,NULL,A,NULL,NULL,Y
A433,15,의학지원계,NULL,NULL,NULL,A,NULL,NULL,Y
A433,16,보건위생학계,NULL,NULL,NULL,A,NULL,NULL,Y
A433,17,간호학계,NULL,NULL,NULL,A,NULL,NULL,Y
A433,18,약학계,NULL,NULL,NULL,A,NULL,NULL,Y
A433,19,예체능계,NULL,NULL,NULL,A,NULL,NULL,Y
A433,20,음악계,NULL,NULL,NULL,A,NULL,NULL,Y
A433,21,미술계,NULL,NULL,NULL,A,NULL,NULL,Y
A433,22,연극영화계,NULL,,,A,NULL,NULL,Y
A433,23,무용계,NULL,NULL,NULL,A,NULL,NULL,Y
A433,24,체육계,NULL,NULL,NULL,A,NULL,NULL,Y
A433,25,사범(교육학)계,NULL,NULL,NULL,A,NULL,NULL,Y
A433,26,사범(어문)계,NULL,NULL,NULL,A,NULL,NULL,Y
A433,27,사범(인문사회)계,NULL,NULL,NULL,A,NULL,NULL,Y
A433,28,사범(이학)계,NULL,NULL,NULL,A,NULL,NULL,Y
A433,29,사범(공학)계,NULL,NULL,NULL,A,NULL,NULL,Y
A433,30,사범(예술체능)계,NULL,NULL,NULL,A,NULL,NULL,Y
A437,$,연수통계구분,NULL,,,A,NULL,NULL,Y
A437,Y101,국내 전공 교내 연수,NULL,,,A,1,NULL,Y
A437,Y102,국내 전공 교외 연수,NULL,,,A,1,NULL,Y
A437,Y103,국내 교양 교내 연수,NULL,,,A,1,NULL,Y
A437,Y104,국내 교양 교외 연수,NULL,,,A,1,NULL,Y
A437,Y105,국외 전공 교내 연수,NULL,,,A,1,NULL,Y
A437,Y106,국외 전공 교외 연수,NULL,,,A,1,NULL,Y
A437,Y107,국외 교양 교내 연수,NULL,,,A,1,NULL,Y
A437,Y108,국외 교양 교외 연수,NULL,,,A,1,NULL,Y
A437,Y201,국내 직무관련 교내,NULL,,,A,2,NULL,Y
A437,Y202,국내 직무관련 교외,NULL,,,A,2,NULL,Y
A437,Y203,국내 직무 외 교내,NULL,,,A,2,NULL,Y
A437,Y204,국내 직무 외 교외,NULL,,,A,2,NULL,Y
A437,Y205,국외 직무관련 교내,NULL,,,A,2,NULL,Y
A437,Y206,국외 직무관련 교외,NULL,,,A,2,NULL,Y
A437,Y207,국외 직무 외 교내,NULL,,,A,2,NULL,Y
A437,Y208,국외 직무 외 교외,NULL,,,A,2,NULL,Y
A445,$,고용형태,NULL,,,1,NULL,NULL,Y
A445,A4501,전업,NULL,NULL,NULL,A,NULL,NULL,Y
A445,A4502,비전업,NULL,NULL,NULL,A,NULL,NULL,Y
A501,$,공제코드,NULL,NULL,NULL,A,NULL,NULL,Y
A501,B01,소득세,NULL,NULL,NULL,A,NULL,NULL,Y
A501,B02,주민세,NULL,NULL,NULL,A,NULL,NULL,Y
A501,B03,건강보험료,NULL,NULL,NULL,A,NULL,NULL,Y
A501,B04,국민연금,NULL,NULL,NULL,A,NULL,NULL,Y
A501,B05,고용보험,NULL,NULL,NULL,A,NULL,NULL,Y
A501,B06,사학연금,NULL,NULL,NULL,A,NULL,NULL,Y
A501,B07,연금대부원리금,NULL,NULL,NULL,A,NULL,NULL,Y
A501,B08,공제회장기급여,NULL,NULL,NULL,A,NULL,NULL,Y
A501,B09,공제회대부이자,NULL,NULL,NULL,A,NULL,NULL,Y
A501,B10,상조회회비,NULL,NULL,NULL,A,NULL,NULL,N
A501,B11,상조회대부이자,NULL,NULL,NULL,A,NULL,NULL,N
A501,B12,교직원단체회비,NULL,NULL,NULL,A,NULL,NULL,Y
A501,B13,보험료,NULL,NULL,NULL,A,NULL,NULL,Y
A501,B14,기타공제1,NULL,NULL,NULL,A,NULL,NULL,Y
A501,B15,기타공제2,NULL,NULL,NULL,A,NULL,NULL,Y
A501,B16,기타공제3,NULL,NULL,NULL,A,NULL,NULL,Y
A501,B17,발전기금,NULL,NULL,NULL,A,NULL,NULL,Y
A501,B18,교총회비,NULL,NULL,NULL,A,NULL,NULL,Y
A501,B19,기타공제4,NULL,,,A,NULL,NULL,Y
A501,B20,동문회장학,NULL,,,A,NULL,NULL,Y
A502,$,지급수당,NULL,NULL,NULL,A,NULL,NULL,Y
A502,A01,호봉,NULL,NULL,NULL,A,NULL,NULL,Y
A502,A02,연구보조비,NULL,NULL,NULL,A,NULL,NULL,Y
A502,A03,장기근속수당,NULL,NULL,NULL,A,NULL,NULL,Y
A502,A04,가족수당,NULL,NULL,NULL,A,NULL,NULL,Y
A502,A05,직급수당,NULL,NULL,NULL,A,NULL,NULL,Y
A502,A06,가계지원수당,NULL,NULL,NULL,A,NULL,NULL,Y
A502,A07,업무연구수당,NULL,NULL,NULL,A,NULL,NULL,Y
A502,A08,조교연구보조비,NULL,NULL,NULL,A,NULL,NULL,Y
A502,A10,상여,NULL,NULL,NULL,A,NULL,NULL,Y
A502,A11,정근수당,NULL,NULL,NULL,A,NULL,NULL,Y
A502,A12,체력단련비,NULL,NULL,NULL,A,NULL,NULL,Y
A502,A13,효도휴가비,NULL,NULL,NULL,A,NULL,NULL,Y
A502,A20,급량비,NULL,NULL,NULL,A,NULL,NULL,Y
A502,A21,학생지도비,NULL,NULL,NULL,A,NULL,NULL,Y
A502,A22,교통비보조,NULL,NULL,NULL,A,NULL,NULL,Y
A502,A23,보직수당,NULL,NULL,NULL,A,NULL,NULL,Y
A502,A24,위험수당,NULL,NULL,NULL,A,NULL,NULL,Y
A502,A25,자녀학비보조수당,NULL,NULL,NULL,A,NULL,NULL,Y
A502,A31,초과강의료,NULL,NULL,NULL,A,NULL,NULL,Y
A502,A32,강의료,NULL,NULL,NULL,A,NULL,NULL,Y
A502,A33,특별강의료,NULL,NULL,NULL,A,NULL,NULL,Y
A502,A34,MD수당,NULL,NULL,NULL,A,NULL,NULL,Y
A502,A38,비정규과정강의료,NULL,,,A,NULL,NULL,Y
A502,A41,기타수당1,NULL,NULL,NULL,A,NULL,NULL,Y
A502,A42,기타수당2,NULL,NULL,NULL,A,NULL,NULL,Y
A502,A43,기타수당3,NULL,NULL,NULL,A,NULL,NULL,Y
A502,A44,기타강의료,NULL,NULL,NULL,A,NULL,NULL,Y
A502,A45,연차수당,NULL,,,A,NULL,NULL,Y
A502,A46,야간근로수당,NULL,,,A,NULL,NULL,Y
A506,$,지급대상,NULL,NULL,NULL,A,NULL,NULL,Y
A506,1,교원,NULL,NULL,NULL,A,1,NULL,Y
A506,2,직원,NULL,NULL,NULL,A,1,NULL,Y
A506,3,시간강사,NULL,NULL,NULL,A,NULL,NULL,Y
A512,$,호봉코드,NULL,NULL,NULL,A,NULL,NULL,Y
A512,1,1호봉,NULL,NULL,NULL,A,NULL,NULL,Y
A512,2,2호봉,NULL,NULL,NULL,A,NULL,NULL,Y
A512,3,3호봉,NULL,NULL,NULL,A,NULL,NULL,Y
A512,4,4호봉,NULL,NULL,NULL,A,NULL,NULL,Y
A512,5,5호봉,NULL,NULL,NULL,A,NULL,NULL,Y
A512,6,6호봉,NULL,NULL,NULL,A,NULL,NULL,Y
A512,7,7호봉,NULL,NULL,NULL,A,NULL,NULL,Y
A512,8,8호봉,NULL,NULL,NULL,A,NULL,NULL,Y
A512,9,9호봉,NULL,NULL,NULL,A,NULL,NULL,Y
A512,10,10호봉,NULL,NULL,NULL,A,NULL,NULL,Y
A512,11,11호봉,NULL,NULL,NULL,A,NULL,NULL,Y
A512,12,12호봉,NULL,NULL,NULL,A,NULL,NULL,Y
A512,13,13호봉,NULL,NULL,NULL,A,NULL,NULL,Y
A512,14,14호봉,NULL,NULL,NULL,A,NULL,NULL,Y
A512,15,15호봉,NULL,NULL,NULL,A,NULL,NULL,Y
A512,16,16호봉,NULL,NULL,NULL,A,NULL,NULL,Y
A512,17,17호봉,NULL,NULL,NULL,A,NULL,NULL,Y
A512,18,18호봉,NULL,NULL,NULL,A,NULL,NULL,Y
A512,19,19호봉,NULL,NULL,NULL,A,NULL,NULL,Y
A512,20,20호봉,NULL,NULL,NULL,A,NULL,NULL,Y
A512,21,21호봉,NULL,NULL,NULL,A,NULL,NULL,Y
A512,22,22호봉,NULL,NULL,NULL,A,NULL,NULL,Y
A512,23,23호봉,NULL,NULL,NULL,A,NULL,NULL,Y
A512,24,24호봉,NULL,NULL,NULL,A,NULL,NULL,Y
A512,25,25호봉,NULL,NULL,NULL,A,NULL,NULL,Y
A512,26,26호봉,NULL,NULL,NULL,A,NULL,NULL,Y
A512,27,27호봉,NULL,NULL,NULL,A,NULL,NULL,Y
A512,28,28호봉,NULL,NULL,NULL,A,NULL,NULL,Y
A512,29,29호봉,NULL,NULL,NULL,A,NULL,NULL,Y
A512,30,30호봉,NULL,NULL,NULL,A,NULL,NULL,Y
A512,31,31호봉,NULL,NULL,NULL,A,NULL,NULL,Y
A512,32,32호봉,NULL,NULL,NULL,A,NULL,NULL,Y
A512,33,33호봉,NULL,NULL,NULL,A,NULL,NULL,Y
A512,34,34호봉,NULL,NULL,NULL,A,NULL,NULL,Y
A512,35,35호봉,NULL,NULL,NULL,A,NULL,NULL,Y
A512,41,근가1,NULL,NULL,NULL,A,NULL,NULL,Y
A512,42,근가2,NULL,NULL,NULL,A,NULL,NULL,Y
A512,43,근가3,NULL,NULL,NULL,A,NULL,NULL,Y
A512,44,근가4,NULL,NULL,NULL,A,NULL,NULL,Y
A512,45,근가5,NULL,NULL,NULL,A,NULL,NULL,Y
A512,46,근가6,NULL,NULL,NULL,A,NULL,NULL,Y
A512,47,근가7,NULL,NULL,NULL,A,NULL,NULL,Y
A512,48,근가8,NULL,NULL,NULL,A,NULL,NULL,Y
A512,49,근가9,NULL,NULL,NULL,A,NULL,NULL,Y
A512,50,근가10,NULL,NULL,NULL,A,NULL,NULL,Y
A512,51,명예1,NULL,NULL,NULL,A,NULL,NULL,N
A512,52,명예2,NULL,NULL,NULL,A,NULL,NULL,N
A512,53,명예3,NULL,NULL,NULL,A,NULL,NULL,N
A512,54,명예4,NULL,NULL,NULL,A,NULL,NULL,N
A512,55,명예5,NULL,NULL,NULL,A,NULL,NULL,N
A512,61,특1호봉,NULL,NULL,NULL,A,NULL,NULL,Y
A512,62,특2호봉,NULL,NULL,NULL,A,NULL,NULL,N
A512,63,특3호봉,NULL,NULL,NULL,A,NULL,NULL,N
A512,64,특4호봉,NULL,NULL,NULL,A,NULL,NULL,N
A519,$,급여구분,NULL,NULL,NULL,A,NULL,NULL,Y
A519,1,급여,NULL,NULL,NULL,A,NULL,NULL,Y
A519,2,상여,NULL,NULL,NULL,A,NULL,NULL,N
A519,3,기타급여,NULL,NULL,NULL,A,NULL,NULL,Y
A519,4,강의료,NULL,NULL,NULL,A,NULL,NULL,Y
A519,5,시간외수당,NULL,,,A,NULL,NULL,N
A519,6,의과대소득,NULL,,,A,NULL,NULL,N
A519,7,연가보상비,NULL,,,A,NULL,NULL,N
A519,8,자녀학비보조수당,NULL,,,A,NULL,NULL,N
A519,9,계절강의료,NULL,NULL,NULL,A,NULL,NULL,Y
A519,a,특별수당,NULL,,,A,NULL,NULL,N
A519,b,급여외소득,NULL,,,A,NULL,NULL,N
A519,c,연구비(과세),NULL,,,A,NULL,NULL,N
A519,d,장학금(학자금지원),NULL,,,A,NULL,NULL,N
A519,e,급여외소득,NULL,,,A,NULL,NULL,N
A519,f,급여외소득,NULL,,,A,NULL,NULL,N
A519,g,급여외소득,NULL,,,A,NULL,NULL,N
A519,h,급여외소득,NULL,,,A,NULL,NULL,N
A519,i,급여외소득,NULL,,,A,NULL,NULL,N
A519,j,급여외소득,NULL,,,A,NULL,NULL,N
A519,k,급여외소득,NULL,,,A,NULL,NULL,N
A519,l,급여외소득,NULL,,,A,NULL,NULL,N
A519,m,급여외소득,NULL,,,A,NULL,NULL,N
A519,n,급여외소득,NULL,,,A,NULL,NULL,N
A519,o,임상교수급여,NULL,,,A,NULL,NULL,Y
A519,p,4대보험,NULL,,,A,NULL,NULL,N
A519,q,의료비감면분,NULL,,,A,NULL,NULL,N
C009,$,학력구분코드,NULL,SchoolDiv,NULL,C,NULL,NULL,Y
C009,10,기타,NULL,NULL,NULL,C,NULL,NULL,Y
C009,20,중등,NULL,NULL,NULL,C,NULL,NULL,Y
C009,21,중등검정,NULL,NULL,NULL,C,NULL,NULL,Y
C009,30,고등,NULL,NULL,NULL,C,NULL,NULL,Y
C009,31,고등검정,NULL,NULL,NULL,C,NULL,NULL,Y
C009,40,전문대학,NULL,NULL,NULL,C,NULL,NULL,Y
C009,50,일반대학,NULL,NULL,NULL,C,NULL,NULL,Y
C009,60,대학원,NULL,NULL,NULL,C,NULL,NULL,Y
C011,$,국가코드,NULL,,NULL,C,NULL,NULL,Y
C011,AD,안도라,NULL,Andorra,NULL,C,NULL,N020,Y
C011,AE,아랍에미리트,NULL,United Arab Emirates,NULL,C,NULL,N784,Y
C011,AF,아프가니스탄,NULL,Afghanistan,NULL,C,NULL,N004,Y
C011,AG,안티가 바부다,NULL,Antiga and Barbuda,NULL,C,NULL,N028,Y
C011,AI,앙귈라,NULL,Anguilla,NULL,C,NULL,NULL,Y
C011,AL,알바니아,NULL,Albania,NULL,C,NULL,N008,Y
C011,AM,아르메니아,NULL,Armenia,NULL,C,NULL,N051,Y
C011,AN,네덜란드령 안틸레스,NULL,Dutch Antilles,,C,NULL,N530,Y
C011,AO,앙골라,NULL,Angola,NULL,C,NULL,N024,Y
C011,AQ,안타티카,NULL,Antatica,NULL,C,NULL,NULL,Y
C011,AR,아르헨티나,NULL,Argentina,NULL,C,NULL,N032,Y
C011,AS,미국령 사모아,NULL,American Samoa,NULL,C,NULL,N016,Y
C011,AT,오스트리아,NULL,Austria,NULL,C,NULL,N040,Y
C011,AU,오스트레일리아,NULL,Australia,NULL,C,NULL,N036,Y
C011,AUK,오스트레일리아동포,NULL,Australian compatriots,,C,NULL,N036,Y
C011,AW,아루바,NULL,Aruba,NULL,C,NULL,N533,Y
C011,AZ,아제르바이잔,NULL,Azerbaijan,NULL,C,NULL,N031,Y
C011,BA,보스니아 헤르체고비나,NULL,Bosnia and Herzegovina,NULL,C,NULL,N070,Y
C011,BB,바베이도스,NULL,Barbados,NULL,C,NULL,N052,Y
C011,BD,방글라데시,NULL,Bangladesh,NULL,C,NULL,N050,Y
C011,BE,벨기에,NULL,Belgium,NULL,C,NULL,N056,Y
C011,BF,부르키나 파소,NULL,Burkina Faso,NULL,C,NULL,N854,Y
C011,BG,불가리아,NULL,Bulgaria,NULL,C,NULL,N100,Y
C011,BH,바레인,NULL,Bahrain,NULL,C,NULL,N048,Y
C011,BI,부룬디,NULL,Burundi,NULL,C,NULL,N108,Y
C011,BJ,베닝,NULL,Bening,NULL,C,NULL,N204,Y
C011,BM,버뮤다,NULL,Bermuda shorts,NULL,C,NULL,N060,Y
C011,BN,브루나이,NULL,Brunei,NULL,C,NULL,N096,Y
C011,BO,볼리비아,NULL,Bolivia,NULL,C,NULL,N068,Y
C011,BR,브라질,NULL,Brazil,NULL,C,NULL,N076,Y
C011,BS,바하마,NULL,Bahamas,NULL,C,NULL,N044,Y
C011,BT,부탄,NULL,Butane,NULL,C,NULL,N064,Y
C011,BV,보빗군도,NULL,Bobbit archipelago,NULL,C,NULL,NULL,Y
C011,BW,보츠와나,NULL,Botswana,NULL,C,NULL,N072,Y
C011,BY,벨라루스,NULL,Belarus,NULL,C,NULL,N112,Y
C011,BZ,벨리즈,NULL,Belize,NULL,C,NULL,N084,Y
C011,CA,캐나다,NULL,Canada,NULL,C,NULL,N124,Y
C011,CC,코코스 군도,NULL,Cocos Islands,NULL,C,NULL,N166,Y
C011,CF,중앙아프리카공화국,NULL,Central African Republic,NULL,C,NULL,N140,Y
C011,CG,콩고,NULL,Congo,NULL,C,NULL,N178,Y
C011,CH,스위스,NULL,Swiss,NULL,C,NULL,N756,Y
C011,CI,코트디브아르,NULL,Ivory Coast,NULL,C,NULL,N384,Y
C011,CK,쿡 아일랜드,NULL,Cook island,NULL,C,NULL,NULL,Y
C011,CL,칠레,NULL,Chile,NULL,C,NULL,N152,Y
C011,CM,카메룬,NULL,Cameroon,NULL,C,NULL,N120,Y
C011,CN,중국,NULL,China,NULL,C,NULL,N156,Y
C011,CNK,중국동포,NULL,Chinese compatriots,,C,NULL,N156,Y
C011,CO,콜롬비아,NULL,Columbia,NULL,C,NULL,N170,Y
C011,CR,코스타리카,NULL,Costa Rica,NULL,C,NULL,N188,Y
C011,CU,쿠바,NULL,Cuba,NULL,C,NULL,N192,Y
C011,CV,카보베르데,NULL,Cape Verde,NULL,C,NULL,N132,Y
C011,CX,크리스마스 아일랜드,NULL,Christmas island,NULL,C,NULL,N162,Y
C011,CY,사이프러스,NULL,Cypress,NULL,C,NULL,N196,Y
C011,CZ,체코공화국,NULL,Czech Republic,NULL,C,NULL,N203,Y
C011,DE,독일,NULL,Germany,NULL,C,NULL,N276,Y
C011,DJ,지부티,NULL,Djibouti,NULL,C,NULL,N262,Y
C011,DK,덴마크,NULL,Denmark,NULL,C,NULL,N208,Y
C011,DM,도미니카 연방,NULL,Dominican Commonwealth,NULL,C,NULL,N212,Y
C011,DO,도미니카 공화국,NULL,Dominican Republic,NULL,C,NULL,N214,Y
C011,DRC,콩고민주공화국,NULL,Democratic Republic of the Congo,,C,NULL,N180,Y
C011,DZ,알제리,NULL,Algeria,NULL,C,NULL,N012,Y
C011,EC,에콰도르,NULL,Ecuador,NULL,C,NULL,N218,Y
C011,EE,에스토니아,NULL,Estonia,NULL,C,NULL,N233,Y
C011,EG,이집트,NULL,Egypt,NULL,C,NULL,N818,Y
C011,EH,서사하라,NULL,Western Sahara,NULL,C,NULL,N732,Y
C011,ER,에리트리아,NULL,Eritrea,NULL,C,NULL,N232,Y
C011,ES,스페인,NULL,Spain,NULL,C,NULL,N724,Y
C011,ET,에티오피아,NULL,Ethiopia,,C,NULL,N231,Y
C011,FI,핀란드,NULL,Finland,NULL,C,NULL,N246,Y
C011,FJ,피지,NULL,Sebum,NULL,C,NULL,N242,Y
C011,FK,포클랜드 군도,NULL,Falkland Islands,NULL,C,NULL,N238,Y
C011,FM,마이크로네시아,NULL,Micronesia,NULL,C,NULL,NULL,Y
C011,FO,파로에 군도,NULL,Faroe Islands,NULL,C,NULL,NULL,Y
C011,FR,프랑스,NULL,France,NULL,C,NULL,N250,Y
C011,GA,가봉,NULL,Gabon,NULL,C,NULL,N266,Y
C011,GB,영국,NULL,England,NULL,C,NULL,N826,Y
C011,GD,그레나다,NULL,Grenada,NULL,C,NULL,N308,Y
C011,GE,그루지아,NULL,Georgia,NULL,C,NULL,N268,Y
C011,GF,프랑스령 기아나,NULL,French Guiana,NULL,C,NULL,N254,Y
C011,GH,가나,NULL,Ghana,NULL,C,NULL,N288,Y
C011,GI,지브롤터,NULL,Gibraltar,NULL,C,NULL,N292,Y
C011,GL,그린랜드,NULL,Greenland,NULL,C,NULL,N304,Y
C011,GM,감비아,NULL,Gambia,NULL,C,NULL,N270,Y
C011,GN,기니,NULL,Guinea,NULL,C,NULL,N324,Y
C011,GP,과델로프,NULL,Guadelov,NULL,C,NULL,N312,Y
C011,GQ,적도 기니,NULL,Equatorial Guinea,NULL,C,NULL,N226,Y
C011,GR,그리스,NULL,Greece,NULL,C,NULL,N300,Y
C011,GS,남조지아 & 남샌드위치군도,NULL,South Georgia & South Sandwich Islands,NULL,C,NULL,N239,Y
C011,GT,과테말라,NULL,Guatemala,NULL,C,NULL,N320,Y
C011,GU,괌,NULL,Guam,NULL,C,NULL,N316,Y
C011,GW,기네비소,NULL,Guinea Bissau,NULL,C,NULL,NULL,Y
C011,GY,가이아나,NULL,Guyana,NULL,C,NULL,N328,Y
C011,HK,홍콩,NULL,Hong Kong,NULL,C,NULL,N344,Y
C011,HN,온두라스,NULL,Honduras,NULL,C,NULL,N340,Y
C011,HR,크로아티아,NULL,Croatia,NULL,C,NULL,N191,Y
C011,HT,아이티,NULL,Haiti,NULL,C,NULL,N332,Y
C011,HU,헝가리,NULL,Hungary,NULL,C,NULL,N348,Y
C011,ID,인도네시아,NULL,Indonesia,NULL,C,NULL,N360,Y
C011,IE,아일랜드,NULL,Ireland,NULL,C,NULL,N372,Y
C011,IL,이스라엘,NULL,Israel,NULL,C,NULL,N376,Y
C011,IN,인도,NULL,India,NULL,C,NULL,N356,Y
C011,IO,영국령 인도양지역,NULL,British Indian Ocean Territory,NULL,C,NULL,N086,Y
C011,IQ,이라크,NULL,Iraq,NULL,C,NULL,N368,Y
C011,IR,이란,NULL,Iran,NULL,C,NULL,N364,Y
C011,IS,아이슬란드,NULL,Iceland,NULL,C,NULL,N352,Y
C011,IT,이탈리아,NULL,Italy,NULL,C,NULL,N380,Y
C011,JM,자메이카,NULL,Jamaica,NULL,C,NULL,N388,Y
C011,JO,요르단,NULL,Jordan,NULL,C,NULL,N400,Y
C011,JP,일본,NULL,Japan,NULL,C,NULL,N392,Y
C011,KE,케냐,NULL,Kenya,NULL,C,NULL,N404,Y
C011,KG,키르기스스탄,NULL,Kyrgyzstan,,C,NULL,N417,Y
C011,KH,캄보디아,NULL,Cambodia,NULL,C,NULL,N116,Y
C011,KI,키리바티,NULL,Kiribati,NULL,C,NULL,N296,Y
C011,KM,코모로스,NULL,Comoros,NULL,C,NULL,N174,Y
C011,KN,세인트 키츠 네비스,NULL,St kitts and nevis,NULL,C,NULL,N659,Y
C011,KP,북한,NULL,North Korea,NULL,C,NULL,N408,Y
C011,KR,한국,NULL,Korea,,C,NULL,N410,Y
C011,KW,쿠웨이트,NULL,Kuwait,,C,NULL,N414,Y
C011,KY,케이만 군도,NULL,Cayman Islands,NULL,C,NULL,N136,Y
C011,KZ,카자흐스탄,NULL,Kazakhstan,NULL,C,NULL,N398,Y
C011,LA,라오스,NULL,Laos,NULL,C,NULL,N418,Y
C011,LB,레바논,NULL,Lebanon,NULL,C,NULL,N422,Y
C011,LC,세인트 루시아,NULL,St lucia,NULL,C,NULL,N662,Y
C011,LI,리히텐슈타인,NULL,Liechtenstein,NULL,C,NULL,N438,Y
C011,LK,스리랑카,NULL,Sri Lanka,NULL,C,NULL,N144,Y
C011,LR,라이베리아,NULL,Liberia,NULL,C,NULL,N430,Y
C011,LS,레소토,NULL,Lesotho,NULL,C,NULL,N426,Y
C011,LT,리투아니아,NULL,Lithuania,NULL,C,NULL,N440,Y
C011,LU,룩셈부르크,NULL,Luxembourg,NULL,C,NULL,N442,Y
C011,LV,라트비아,NULL,Latvia,NULL,C,NULL,N428,Y
C011,LY,리비아,NULL,Libya,NULL,C,NULL,N434,Y
C011,MA,모로코,NULL,Morocco,NULL,C,NULL,N504,Y
C011,MC,모나코,NULL,Monaco,NULL,C,NULL,N492,Y
C011,MD,몰도바,NULL,Moldova,NULL,C,NULL,N498,Y
C011,MG,마다카스카르,NULL,Madagascar,NULL,C,NULL,N450,Y
C011,MH,마샬군도,NULL,Marshall Islands,NULL,C,NULL,N584,Y
C011,MK,마세도니아,NULL,Macedonia,NULL,C,NULL,N807,Y
C011,ML,말리,NULL,Mali,NULL,C,NULL,N466,Y
C011,MM,미얀마,NULL,Myanmar,NULL,C,NULL,N104,Y
C011,MN,몽골,NULL,Mongolia,NULL,C,NULL,N496,Y
C011,MO,마카오,NULL,Macau,NULL,C,NULL,N446,Y
C011,MP,북마리아나 군도,NULL,Northern Mariana Islands,NULL,C,NULL,N580,Y
C011,MQ,마티니크,NULL,Martinique,NULL,C,NULL,N474,Y
C011,MR,모리타니,NULL,Mauritania,NULL,C,NULL,N478,Y
C011,MS,몬트세라트,NULL,Montserrat,NULL,C,NULL,N500,Y
C011,MT,몰타,NULL,Malta,NULL,C,NULL,N470,Y
C011,MU,모리셔스,NULL,Mauritius,NULL,C,NULL,N480,Y
C011,MV,몰디브,NULL,Maldive Islands,NULL,C,NULL,N462,Y
C011,MW,말라위,NULL,Malawi,NULL,C,NULL,N454,Y
C011,MX,멕시코,NULL,Mexico,NULL,C,NULL,N484,Y
C011,MY,말레이지아,NULL,Malaysia,NULL,C,NULL,N458,Y
C011,MZ,모잠비크,NULL,Mozambique,NULL,C,NULL,N508,Y
C011,NA,나미비아,NULL,Namibia,NULL,C,NULL,N516,Y
C011,NC,뉴 칼레도니아,NULL,New Caledonia,NULL,C,NULL,N540,Y
C011,NE,니제르,NULL,Niger,NULL,C,NULL,N562,Y
C011,NF,노폴크 아일랜드,NULL,Norfolk Island,NULL,C,NULL,N574,Y
C011,NG,나이지리아,NULL,Nigeria,NULL,C,NULL,N566,Y
C011,NI,니카라과,NULL,Nicaragua,NULL,C,NULL,N558,Y
C011,NL,네덜란드,NULL,Netherlands,NULL,C,NULL,N528,Y
C011,NO,노르웨이,NULL,Norway,NULL,C,NULL,N578,Y
C011,NP,네팔,NULL,Nepal,NULL,C,NULL,N524,Y
C011,NR,나우르,NULL,Naur,NULL,C,NULL,N520,Y
C011,NU,니우에,NULL,Niue,NULL,C,NULL,N570,Y
C011,NZ,뉴질랜드,NULL,New Zealand,NULL,C,NULL,N554,Y
C011,OM,오만,NULL,Oman,NULL,C,NULL,N512,Y
C011,PA,파나마,NULL,Panama,NULL,C,NULL,N591,Y
C011,PE,페루,NULL,Peru,NULL,C,NULL,N604,Y
C011,PF,프랑스령 폴리네시아,NULL,French Polynesia,NULL,C,NULL,N258,Y
C011,PG,파푸아뉴기니,NULL,Papua New Guinea,NULL,C,NULL,N598,Y
C011,PH,필리핀,NULL,Philippine,NULL,C,NULL,N608,Y
C011,PK,파키스탄,NULL,Pakistan,NULL,C,NULL,N586,Y
C011,PL,폴란드,NULL,Poland,NULL,C,NULL,N616,Y
C011,PM,세인트 피레 미켈론,NULL,Saint Pierre and Miquelon,NULL,C,NULL,NULL,Y
C011,PN,피트카이른,NULL,Pitt Cairn,NULL,C,NULL,N612,Y
C011,PR,푸에르토리코,NULL,Puerto Rico,NULL,C,NULL,N630,Y
C011,PS,팔레스타인,NULL,Palestine,NULL,C,NULL,N275,Y
C011,PT,포르투갈,NULL,Portugal,NULL,C,NULL,N620,Y
C011,PW,팔라우,NULL,Palau,NULL,C,NULL,N585,Y
C011,PY,파라과이,NULL,Paraguay,NULL,C,NULL,N600,Y
C011,QA,카타르,NULL,Catarrh,NULL,C,NULL,N634,Y
C011,RE,"불령 리유니온,코모",NULL,"Bull Spirit Reunion, Como",NULL,C,NULL,NULL,Y
C011,RO,루마니아,NULL,Romania,NULL,C,NULL,N642,Y
C011,RU,러시아 연방,NULL,Russian Federation,NULL,C,NULL,N643,Y
C011,RW,르완다,NULL,Rwanda,NULL,C,NULL,N646,Y
C011,SAN,사우디아라비아,NULL,Saudi Arabia,NULL,C,SA,N682,Y
C011,SBN,솔로몬 군도,NULL,Solomon Islands,NULL,C,SB,N090,Y
C011,SCN,세이쉘,NULL,Seychelles,NULL,C,SC,N690,Y
C011,SDN,수단,NULL,Way,NULL,C,SD,N736,Y
C011,SEN,스웨덴,NULL,Sweden,NULL,C,SE,N752,Y
C011,SGN,싱가포르,NULL,Singapore,NULL,C,SG,N702,Y
C011,SHN,세인트 헬레나,NULL,St helena,NULL,C,SH,N654,Y
C011,SIN,슬로베니아,NULL,Slovenian,NULL,C,SI,N705,Y
C011,SJN,스발비드 군도,NULL,Svalvid Islands,NULL,C,SJ,NULL,Y
C011,SKN,슬로바키아,NULL,Slovakia,NULL,C,SK,N703,Y
C011,SLN,시에라리온,NULL,Sierra Leone,,C,SL,N694,Y
C011,SMN,산마리노,NULL,San Marino,NULL,C,SM,N674,Y
C011,SNN,세네갈,NULL,Senegal,NULL,C,SN,N686,Y
C011,SON,소말리아,NULL,Somalia,NULL,C,SO,N706,Y
C011,SRN,수리남,NULL,Surname,NULL,C,SR,N740,Y
C011,STN,상투메 프린시페,NULL,Sao Tome and Principe,NULL,C,ST,N678,Y
C011,SVN,엘살바도르,NULL,El Salvador,NULL,C,SV,N222,Y
C011,SYN,시리아,NULL,Syria,NULL,C,SY,N760,Y
C011,SZN,스와질랜드,NULL,Swaziland,NULL,C,SZ,N748,Y
C011,TC,터크스 카이코스군도,NULL,Turks and Caicos Islands,NULL,C,NULL,N796,Y
C011,TD,챠드,NULL,Chad,NULL,C,NULL,N148,Y
C011,TF,프랑스령 극남군도,NULL,French Far South Islands,NULL,C,NULL,N260,Y
C011,TG,토고,NULL,Togo,NULL,C,NULL,N768,Y
C011,TH,태국,NULL,Thailand,NULL,C,NULL,N764,Y
C011,TJ,타지키스탄,NULL,Tajikistan,NULL,C,NULL,N762,Y
C011,TK,토켈라우,NULL,Tokelau,NULL,C,NULL,N772,Y
C011,TL,동티모르,NULL,East Timor,NULL,C,NULL,N626,Y
C011,TM,투르크메니스탄,NULL,Turkmenistan,NULL,C,NULL,N795,Y
C011,TN,튀니지,NULL,Tunisia,NULL,C,NULL,N788,Y
C011,TO,통가,NULL,Tonga,NULL,C,NULL,N776,Y
C011,TR,터키,NULL,Turkey,NULL,C,NULL,N792,Y
C011,TT,트리니다드 토바코,NULL,Trinidad Tobacco,NULL,C,NULL,N780,Y
C011,TV,투발루,NULL,Tuvalu,NULL,C,NULL,N798,Y
C011,TW,대만,NULL,Taiwan,,C,NULL,N158,Y
C011,TZ,탄자니아,NULL,Tanzania,NULL,C,NULL,N834,Y
C011,UA,우크라이나,NULL,Ukraine,NULL,C,NULL,N804,Y
C011,UG,우간다,NULL,Uganda,NULL,C,NULL,N800,Y
C011,UM,마이너 아우틀링 합,NULL,Minor Outling Sum,NULL,C,NULL,NULL,Y
C011,US,미국,NULL,United States of America,NULL,C,NULL,N840,Y
C011,USK,미국동포,NULL,American compatriot,,C,NULL,N840,Y
C011,UY,우루과이,NULL,Uruguay,NULL,C,NULL,N858,Y
C011,UZ,우즈베키스탄,NULL,Uzbekistan,NULL,C,NULL,N860,Y
C011,VA,교황청,NULL,Vatican,NULL,C,NULL,NULL,Y
C011,VC,세인트 빈센트 그레나딘,NULL,St. Vincent and the Grenadines,NULL,C,NULL,N670,Y
C011,VE,베네수엘라,NULL,Venezuela,NULL,C,NULL,N862,Y
C011,VG,영국령 버진아일랜드,NULL,British Virgin Islands,NULL,C,NULL,N092,Y
C011,VI,미국령 버진군도,NULL,US Virgin Islands,NULL,C,NULL,N850,Y
C011,VN,베트남,NULL,Vietnam,NULL,C,NULL,N704,Y
C011,VU,바누아투,NULL,Vanuatu,NULL,C,NULL,N548,Y
C011,WF,월리스 푸투나,NULL,Wallace Futuna,NULL,C,NULL,N876,Y
C011,WS,사모아,NULL,Samoa,NULL,C,NULL,N882,Y
C011,YE,예멘,NULL,Yemen,NULL,C,NULL,N887,Y
C011,YT,메요트,NULL,Mayotte,NULL,C,NULL,NULL,Y
C011,YU,유고슬라비아,NULL,Yugoslavia,NULL,C,NULL,N891,Y
C011,ZA,남아프리카공화국,NULL,Republic of South Africa,NULL,C,NULL,N710,Y
C011,ZM,잠비아,NULL,Zambia,NULL,C,NULL,N894,Y
C011,ZR,자이레,NULL,Zaire,NULL,C,NULL,NULL,Y
C011,ZW,짐바브웨,NULL,Zimbabwe,NULL,C,NULL,N716,Y
C101,$,은행코드,NULL,NULL,NULL,A,NULL,금융감독원 은행코드,Y
C101,1,한국은행,NULL,NULL,NULL,A,NULL,NULL,Y
C101,2,산업은행,NULL,NULL,NULL,A,NULL,NULL,Y
C101,3,기업은행,NULL,NULL,NULL,A,NULL,NULL,Y
C101,4,국민은행,NULL,NULL,NULL,A,1,NULL,Y
C101,5,외환은행,NULL,NULL,NULL,A,NULL,NULL,Y
C101,50,BNK저축은행,NULL,,,A,NULL,NULL,Y
C101,6,주택은행,NULL,,,A,NULL,NULL,N
C101,7,수협,NULL,NULL,NULL,A,1,NULL,Y
C101,105,웰컴,NULL,NULL,NULL,A,NULL,NULL,Y
C101,11,농협,NULL,NULL,NULL,A,1,NULL,Y
C101,12,단위농협,NULL,NULL,NULL,A,,,N
C101,16,축협,NULL,NULL,NULL,A,NULL,NULL,Y
C101,20,우리은행,NULL,NULL,NULL,A,NULL,NULL,Y
C101,209,동양종합금융증권,NULL,,,A,NULL,NULL,Y
C101,21,조흥은행,NULL,NULL,NULL,A,NULL,NULL,N
C101,22,한빛은행,NULL,,,A,NULL,NULL,N
C101,23,SC제일은행,NULL,,,A,NULL,NULL,Y
C101,238,미래에셋대우증권,NULL,,,A,NULL,NULL,Y
C101,24,한일은행,NULL,,,A,NULL,NULL,N
C101,25,서울은행,NULL,,,A,NULL,NULL,N
C101,26,(구)신한은행,NULL,,,A,NULL,NULL,N
C101,27,시티은행,NULL,,,A,NULL,NULL,Y
C101,31,아이엠뱅크,NULL,NULL,NULL,A,NULL,NULL,Y
C101,32,부산은행,NULL,NULL,NULL,A,NULL,NULL,Y
C101,34,광주은행,NULL,NULL,NULL,A,NULL,NULL,Y
C101,35,제주은행,NULL,NULL,NULL,A,NULL,NULL,Y
C101,36,경기은행,NULL,NULL,NULL,A,NULL,NULL,Y
C101,37,전북은행,NULL,NULL,NULL,A,NULL,NULL,Y
C101,38,강원은행,NULL,NULL,NULL,A,NULL,NULL,N
C101,39,경남은행,NULL,NULL,NULL,A,1,NULL,Y
C101,40,충북은행,NULL,NULL,NULL,A,NULL,NULL,N
C101,45,새마을금고,NULL,,,A,NULL,NULL,Y
C101,46,새마을금고,NULL,,,A,NULL,NULL,N
C101,48,신용협동조합,NULL,NULL,NULL,A,NULL,NULL,Y
C101,53,시티은행,NULL,,,A,NULL,NULL,N
C101,54,HSBC,NULL,,,A,NULL,NULL,Y
C101,71,우체국,NULL,NULL,NULL,A,NULL,NULL,Y
C101,81,KEB하나은행,NULL,,,A,NULL,NULL,Y
C101,83,우리(구),NULL,,,A,NULL,NULL,N
C101,88,신한은행,NULL,NULL,NULL,A,NULL,NULL,Y
C101,89,케이뱅크,NULL,,,A,NULL,NULL,Y
C101,90,카카오뱅크,NULL,,,A,NULL,NULL,Y
C101,92,토스뱅크,NULL,,,A,NULL,NULL,Y
C101,99,현금,NULL,,,A,NULL,NULL,N
CA01,$,소재지구분1,NULL,,,A,NULL,NULL,Y
CA01,A0101,서울특별시,NULL,,,A,NULL,NULL,Y
CA01,A0102,부산광역시,NULL,,,A,NULL,NULL,Y
CA01,A0103,대구광역시,NULL,,,A,NULL,NULL,Y
CA01,A0104,인천광역시,NULL,,,A,NULL,NULL,Y
CA01,A0105,광주광역시,NULL,,,A,NULL,NULL,Y
CA01,A0106,대전광역시,NULL,,,A,NULL,NULL,Y
CA01,A0107,울산광역시,NULL,,,A,NULL,NULL,Y
CA01,A0108,세종특별자치시,NULL,,,A,NULL,NULL,Y
CA01,A0109,경기도,NULL,,,A,NULL,NULL,Y
CA01,A0110,강원도,NULL,,,A,NULL,NULL,Y
CA01,A0111,충청북도,NULL,,,A,NULL,NULL,Y
CA01,A0112,충청남도,NULL,,,A,NULL,NULL,Y
CA01,A0113,전라북도,NULL,,,A,NULL,NULL,Y
CA01,A0114,전라남도,NULL,,,A,NULL,NULL,Y
CA01,A0115,경상북도,NULL,,,A,NULL,NULL,Y
CA01,A0116,경상남도,NULL,,,A,NULL,NULL,Y
CA01,A0117,제주특별자치도,NULL,,,A,NULL,NULL,Y
CA02,$,소재지구분2,NULL,,,A,CA01,NULL,Y
CA02,A001,종로구,NULL,,,A,A0101,NULL,Y
CA02,A002,중구,NULL,,,A,A0101,NULL,Y
CA02,A003,용산구,NULL,,,A,A0101,NULL,Y
CA02,A004,성동구,NULL,,,A,A0101,NULL,Y
CA02,A005,광진구,NULL,,,A,A0101,NULL,Y
CA02,A006,동대문구,NULL,,,A,A0101,NULL,Y
CA02,A007,중랑구,NULL,,,A,A0101,NULL,Y
CA02,A008,성북구,NULL,,,A,A0101,NULL,Y
CA02,A009,강북구,NULL,,,A,A0101,NULL,Y
CA02,A010,도봉구,NULL,,,A,A0101,NULL,Y
CA02,A011,노원구,NULL,,,A,A0101,NULL,Y
CA02,A012,은평구,NULL,,,A,A0101,NULL,Y
CA02,A013,서대문구,NULL,,,A,A0101,NULL,Y
CA02,A014,마포구,NULL,,,A,A0101,NULL,Y
CA02,A015,양천구,NULL,,,A,A0101,NULL,Y
CA02,A016,강서구,NULL,,,A,A0101,NULL,Y
CA02,A017,구로구,NULL,,,A,A0101,NULL,Y
CA02,A018,금천구,NULL,,,A,A0101,NULL,Y
CA02,A019,영등포구,NULL,,,A,A0101,NULL,Y
CA02,A020,동작구,NULL,,,A,A0101,NULL,Y
CA02,A021,관악구,NULL,,,A,A0101,NULL,Y
CA02,A022,서초구,NULL,,,A,A0101,NULL,Y
CA02,A023,강남구,NULL,,,A,A0101,NULL,Y
CA02,A024,송파구,NULL,,,A,A0101,NULL,Y
CA02,A025,강동구,NULL,,,A,A0101,NULL,Y
CA02,A026,중구,NULL,,,A,A0102,NULL,Y
CA02,A027,서구,NULL,,,A,A0102,NULL,Y
CA02,A028,동구,NULL,,,A,A0102,NULL,Y
CA02,A029,영도구,NULL,,,A,A0102,NULL,Y
CA02,A030,부산진구,NULL,,,A,A0102,NULL,Y
CA02,A031,동래구,NULL,,,A,A0102,NULL,Y
CA02,A032,남구,NULL,,,A,A0102,NULL,Y
CA02,A033,북구,NULL,,,A,A0102,NULL,Y
CA02,A034,해운대구,NULL,,,A,A0102,NULL,Y
CA02,A035,사하구,NULL,,,A,A0102,NULL,Y
CA02,A036,금정구,NULL,,,A,A0102,NULL,Y
CA02,A037,강서구,NULL,,,A,A0102,NULL,Y
CA02,A038,연제구,NULL,,,A,A0102,NULL,Y
CA02,A039,수영구,NULL,,,A,A0102,NULL,Y
CA02,A040,사상구,NULL,,,A,A0102,NULL,Y
CA02,A041,기장군,NULL,,,A,A0102,NULL,Y
CA02,A042,중구,NULL,,,A,A0103,NULL,Y
CA02,A043,동구,NULL,,,A,A0103,NULL,Y
CA02,A044,서구,NULL,,,A,A0103,NULL,Y
CA02,A045,남구,NULL,,,A,A0103,NULL,Y
CA02,A046,북구,NULL,,,A,A0103,NULL,Y
CA02,A047,수성구,NULL,,,A,A0103,NULL,Y
CA02,A048,달서구,NULL,,,A,A0103,NULL,Y
CA02,A049,달성군,NULL,,,A,A0103,NULL,Y
CA02,A050,중구,NULL,,,A,A0104,NULL,Y
CA02,A051,동구,NULL,,,A,A0104,NULL,Y
CA02,A052,미추홀구,NULL,,,A,A0104,NULL,Y
CA02,A053,연수구,NULL,,,A,A0104,NULL,Y
CA02,A054,남동구,NULL,,,A,A0104,NULL,Y
CA02,A055,부평구,NULL,,,A,A0104,NULL,Y
CA02,A056,계양구,NULL,,,A,A0104,NULL,Y
CA02,A057,서구,NULL,,,A,A0104,NULL,Y
CA02,A058,강화군,NULL,,,A,A0104,NULL,Y
CA02,A059,옹진군,NULL,,,A,A0104,NULL,Y
CA02,A060,동구,NULL,,,A,A0105,NULL,Y
CA02,A061,서구,NULL,,,A,A0105,NULL,Y
CA02,A062,남구,NULL,,,A,A0105,NULL,Y
CA02,A063,북구,NULL,,,A,A0105,NULL,Y
CA02,A064,광산구,NULL,,,A,A0105,NULL,Y
CA02,A065,동구,NULL,,,A,A0106,NULL,Y
CA02,A066,중구,NULL,,,A,A0106,NULL,Y
CA02,A067,서구,NULL,,,A,A0106,NULL,Y
CA02,A068,유성구,NULL,,,A,A0106,NULL,Y
CA02,A069,대덕구,NULL,,,A,A0106,NULL,Y
CA02,A070,중구,NULL,,,A,A0107,NULL,Y
CA02,A071,남구,NULL,,,A,A0107,NULL,Y
CA02,A072,동구,NULL,,,A,A0107,NULL,Y
CA02,A073,북구,NULL,,,A,A0107,NULL,Y
CA02,A074,울주군,NULL,,,A,A0107,NULL,Y
CA02,A075,세종특별자치시,NULL,,,A,A0108,NULL,Y
CA02,A076,수원시,NULL,,,A,A0109,NULL,Y
CA02,A077,성남시,NULL,,,A,A0109,NULL,Y
CA02,A078,고양시,NULL,,,A,A0109,NULL,Y
CA02,A079,용인시,NULL,,,A,A0109,NULL,Y
CA02,A080,부천시,NULL,,,A,A0109,NULL,Y
CA02,A081,안산시,NULL,,,A,A0109,NULL,Y
CA02,A082,안양시,NULL,,,A,A0109,NULL,Y
CA02,A083,남양주시,NULL,,,A,A0109,NULL,Y
CA02,A084,화성시,NULL,,,A,A0109,NULL,Y
CA02,A085,평택시,NULL,,,A,A0109,NULL,Y
CA02,A086,의정부시,NULL,,,A,A0109,NULL,Y
CA02,A087,시흥시,NULL,,,A,A0109,NULL,Y
CA02,A088,파주시,NULL,,,A,A0109,NULL,Y
CA02,A089,광명시,NULL,,,A,A0109,NULL,Y
CA02,A090,김포시,NULL,,,A,A0109,NULL,Y
CA02,A091,군포시,NULL,,,A,A0109,NULL,Y
CA02,A092,광주시,NULL,,,A,A0109,NULL,Y
CA02,A093,이천시,NULL,,,A,A0109,NULL,Y
CA02,A094,양주시,NULL,,,A,A0109,NULL,Y
CA02,A095,오산시,NULL,,,A,A0109,NULL,Y
CA02,A096,구리시,NULL,,,A,A0109,NULL,Y
CA02,A097,안성시,NULL,,,A,A0109,NULL,Y
CA02,A098,포천시,NULL,,,A,A0109,NULL,Y
CA02,A099,의왕시,NULL,,,A,A0109,NULL,Y
CA02,A100,하남시,NULL,,,A,A0109,NULL,Y
CA02,A101,여주시,NULL,,,A,A0109,NULL,Y
CA02,A102,양평군,NULL,,,A,A0109,NULL,Y
CA02,A103,동두천시,NULL,,,A,A0109,NULL,Y
CA02,A104,과천시,NULL,,,A,A0109,NULL,Y
CA02,A105,가평군,NULL,,,A,A0109,NULL,Y
CA02,A106,연천군,NULL,,,A,A0109,NULL,Y
CA02,A107,춘천시,NULL,,,A,A0110,NULL,Y
CA02,A108,원주시,NULL,,,A,A0110,NULL,Y
CA02,A109,강릉시,NULL,,,A,A0110,NULL,Y
CA02,A110,동해시,NULL,,,A,A0110,NULL,Y
CA02,A111,태백시,NULL,,,A,A0110,NULL,Y
CA02,A112,속초시,NULL,,,A,A0110,NULL,Y
CA02,A113,삼척시,NULL,,,A,A0110,NULL,Y
CA02,A114,홍천군,NULL,,,A,A0110,NULL,Y
CA02,A115,횡성군,NULL,,,A,A0110,NULL,Y
CA02,A116,영월군,NULL,,,A,A0110,NULL,Y
CA02,A117,평창군,NULL,,,A,A0110,NULL,Y
CA02,A118,정선군,NULL,,,A,A0110,NULL,Y
CA02,A119,철원군,NULL,,,A,A0110,NULL,Y
CA02,A120,화천군,NULL,,,A,A0110,NULL,Y
CA02,A121,양구군,NULL,,,A,A0110,NULL,Y
CA02,A122,인제군,NULL,,,A,A0110,NULL,Y
CA02,A123,고성군,NULL,,,A,A0110,NULL,Y
CA02,A124,양양군,NULL,,,A,A0110,NULL,Y
CA02,A125,청주시,NULL,,,A,A0111,NULL,Y
CA02,A126,충주시,NULL,,,A,A0111,NULL,Y
CA02,A127,제천시,NULL,,,A,A0111,NULL,Y
CA02,A128,보은군,NULL,,,A,A0111,NULL,Y
CA02,A129,옥천군,NULL,,,A,A0111,NULL,Y
CA02,A130,영동군,NULL,,,A,A0111,NULL,Y
CA02,A131,진천군,NULL,,,A,A0111,NULL,Y
CA02,A132,괴산군,NULL,,,A,A0111,NULL,Y
CA02,A133,음성군,NULL,,,A,A0111,NULL,Y
CA02,A134,단양군,NULL,,,A,A0111,NULL,Y
CA02,A135,증평군,NULL,,,A,A0111,NULL,Y
CA02,A136,천안시,NULL,,,A,A0112,NULL,Y
CA02,A137,공주시,NULL,,,A,A0112,NULL,Y
CA02,A138,보령시,NULL,,,A,A0112,NULL,Y
CA02,A139,아산시,NULL,,,A,A0112,NULL,Y
CA02,A140,서산시,NULL,,,A,A0112,NULL,Y
CA02,A141,논산시,NULL,,,A,A0112,NULL,Y
CA02,A142,계룡시,NULL,,,A,A0112,NULL,Y
CA02,A143,당진시,NULL,,,A,A0112,NULL,Y
CA02,A144,금산군,NULL,,,A,A0112,NULL,Y
CA02,A145,부여군,NULL,,,A,A0112,NULL,Y
CA02,A146,서천군,NULL,,,A,A0112,NULL,Y
CA02,A147,청양군,NULL,,,A,A0112,NULL,Y
CA02,A148,홍성군,NULL,,,A,A0112,NULL,Y
CA02,A149,예산군,NULL,,,A,A0112,NULL,Y
CA02,A150,태안군,NULL,,,A,A0112,NULL,Y
CA02,A151,전주시,NULL,,,A,A0113,NULL,Y
CA02,A152,군산시,NULL,,,A,A0113,NULL,Y
CA02,A153,익산시,NULL,,,A,A0113,NULL,Y
CA02,A154,정읍시,NULL,,,A,A0113,NULL,Y
CA02,A155,남원시,NULL,,,A,A0113,NULL,Y
CA02,A156,김제시,NULL,,,A,A0113,NULL,Y
CA02,A157,완주군,NULL,,,A,A0113,NULL,Y
CA02,A158,진안군,NULL,,,A,A0113,NULL,Y
CA02,A159,무주군,NULL,,,A,A0113,NULL,Y
CA02,A160,장수군,NULL,,,A,A0113,NULL,Y
CA02,A161,임실군,NULL,,,A,A0113,NULL,Y
CA02,A162,순창군,NULL,,,A,A0113,NULL,Y
CA02,A163,고창군,NULL,,,A,A0113,NULL,Y
CA02,A164,부안군,NULL,,,A,A0113,NULL,Y
CA02,A165,목포시,NULL,,,A,A0114,NULL,Y
CA02,A166,여수시,NULL,,,A,A0114,NULL,Y
CA02,A167,순천시,NULL,,,A,A0114,NULL,Y
CA02,A168,나주시,NULL,,,A,A0114,NULL,Y
CA02,A169,광양시,NULL,,,A,A0114,NULL,Y
CA02,A170,담양군,NULL,,,A,A0114,NULL,Y
CA02,A171,곡성군,NULL,,,A,A0114,NULL,Y
CA02,A172,구례군,NULL,,,A,A0114,NULL,Y
CA02,A173,고흥군,NULL,,,A,A0114,NULL,Y
CA02,A174,보성군,NULL,,,A,A0114,NULL,Y
CA02,A175,화순군,NULL,,,A,A0114,NULL,Y
CA02,A176,장흥군,NULL,,,A,A0114,NULL,Y
CA02,A177,강진군,NULL,,,A,A0114,NULL,Y
CA02,A178,해남군,NULL,,,A,A0114,NULL,Y
CA02,A179,영암군,NULL,,,A,A0114,NULL,Y
CA02,A180,무안군,NULL,,,A,A0114,NULL,Y
CA02,A181,함평군,NULL,,,A,A0114,NULL,Y
CA02,A182,영광군,NULL,,,A,A0114,NULL,Y
CA02,A183,장성군,NULL,,,A,A0114,NULL,Y
CA02,A184,완도군,NULL,,,A,A0114,NULL,Y
CA02,A185,진도군,NULL,,,A,A0114,NULL,Y
CA02,A186,신안군,NULL,,,A,A0114,NULL,Y
CA02,A187,포항시,NULL,,,A,A0115,NULL,Y
CA02,A188,경주시,NULL,,,A,A0115,NULL,Y
CA02,A189,김천시,NULL,,,A,A0115,NULL,Y
CA02,A190,안동시,NULL,,,A,A0115,NULL,Y
CA02,A191,구미시,NULL,,,A,A0115,NULL,Y
CA02,A192,영주시,NULL,,,A,A0115,NULL,Y
CA02,A193,영천시,NULL,,,A,A0115,NULL,Y
CA02,A194,상주시,NULL,,,A,A0115,NULL,Y
CA02,A195,문경시,NULL,,,A,A0115,NULL,Y
CA02,A196,경산시,NULL,,,A,A0115,NULL,Y
CA02,A197,군위군,NULL,,,A,A0115,NULL,Y
CA02,A198,의성군,NULL,,,A,A0115,NULL,Y
CA02,A199,청송군,NULL,,,A,A0115,NULL,Y
CA02,A200,영양군,NULL,,,A,A0115,NULL,Y
CA02,A201,영덕군,NULL,,,A,A0115,NULL,Y
CA02,A202,청도군,NULL,,,A,A0115,NULL,Y
CA02,A203,고령군,NULL,,,A,A0115,NULL,Y
CA02,A204,성주군,NULL,,,A,A0115,NULL,Y
CA02,A205,칠곡군,NULL,,,A,A0115,NULL,Y
CA02,A206,예천군,NULL,,,A,A0115,NULL,Y
CA02,A207,봉화군,NULL,,,A,A0115,NULL,Y
CA02,A208,울진군,NULL,,,A,A0115,NULL,Y
CA02,A209,울릉군,NULL,,,A,A0115,NULL,Y
CA02,A210,창원시,NULL,,,A,A0116,NULL,Y
CA02,A211,진주시,NULL,,,A,A0116,NULL,Y
CA02,A212,통영시,NULL,,,A,A0116,NULL,Y
CA02,A213,사천시,NULL,,,A,A0116,NULL,Y
CA02,A214,김해시,NULL,,,A,A0116,NULL,Y
CA02,A215,밀양시,NULL,,,A,A0116,NULL,Y
CA02,A216,거제시,NULL,,,A,A0116,NULL,Y
CA02,A217,양산시,NULL,,,A,A0116,NULL,Y
CA02,A218,의령군,NULL,,,A,A0116,NULL,Y
CA02,A219,함안군,NULL,,,A,A0116,NULL,Y
CA02,A220,창녕군,NULL,,,A,A0116,NULL,Y
CA02,A221,고성군,NULL,,,A,A0116,NULL,Y
CA02,A222,남해군,NULL,,,A,A0116,NULL,Y
CA02,A223,하동군,NULL,,,A,A0116,NULL,Y
CA02,A224,산청군,NULL,,,A,A0116,NULL,Y
CA02,A225,함양군,NULL,,,A,A0116,NULL,Y
CA02,A226,거창군,NULL,,,A,A0116,NULL,Y
CA02,A227,합천군,NULL,,,A,A0116,NULL,Y
CA02,A228,제주시,NULL,,,A,A0117,NULL,Y
CA02,A229,서귀포시,NULL,,,A,A0117,NULL,Y
CZ01,$,학기구분,한국어교육원,NULL,NULL,C,NULL,NULL,Y
CZ01,0,편입인정학기,NULL,,,C,NULL,Pyn,N
CZ01,Z0100,고교-대학연계인정,NULL,NULL,NULL,C,NULL,Hi,N
CZ01,Z0101,1학기,1학기(3월),First Semester,First,C,H,1,Y
CZ01,Z0102,2학기,3학기(9월),Second Semester,Second,C,H,2,Y
CZ01,Z0103,하계계절학기,2학기(6월),Summer Semester,Summer,C,NULL,夏,Y
CZ01,Z0104,동계계절학기,4학기(12월),Winter Semester,Winter,C,NULL,冬,Y
CZ01,Z0105,해외선교인턴십인정,NULL,,,C,NULL,NULL,N
CZ01,Z0106,어학연수인정,NULL,NULL,NULL,C,NULL,Lang,N
CZ01,Z0107,국제언어학점인정,NULL,,,C,NULL,Int,N
CZ01,Z0108,취업인정역량,NULL,,,C,NULL,Job,N
CZ01,Z0109,외부인정,NULL,NULL,NULL,C,NULL,Out,N
CZ01,Z010A,군복무중취득학점(1학기),NULL,,,C,NULL,Mil1,N
CZ01,Z010B,군복무중취득학점(2학기),NULL,,,C,NULL,Mil2,N
CZ01,Z010C,계절학기교류학점(1학기),NULL,,,C,NULL,Se1,N
CZ01,Z010D,계절학기교류학점(2학기),NULL,,,C,NULL,Se2,N
CZ01,Z0110,대학원간인정,NULL,NULL,NULL,C,,,N
CZ01,Z0111,학습경험인정,NULL,,,C,NULL,NULL,N
CZ01,Z0112,예비대학인정,NULL,,,C,NULL,NULL,N
CZ01,Z0120,3학기,NULL,Third Semester,Third,C,H,3,Y
CZ02,$,대학구분,NULL,NULL,NULL,C,NULL,NULL,Y
CZ02,Z0201,학부,(학),NULL,NULL,C,H,NULL,Y
CZ02,Z0202,대학원,(원),NULL,NULL,C,G,NULL,Y
CZ02,Z0203,평생교육원(여자신학원),NULL,,,C,S,NULL,Y
CZ02,Z0204,한국어교육원,(국),NULL,NULL,C,K,NULL,Y
CZ02,Z0205,에벤에셀칼리지,(에),,,C,E,NULL,Y
CZ02,Z0206,혁신센터,NULL,1430000,,C,H,혁신성과관리센터,Y
CZ02,Z0211,의과대학,(의),,,C,M,NULL,N
CZ02,Z0212,간호전문대학,(간),NULL,NULL,C,N,NULL,N
CZ02,Z0213,평생교육원(학점은행제),NULL,,,C,S,NULL,Y
CZ04,$,학사일정구분,NULL,NULL,NULL,C,NULL,NULL,Y
CZ04,Z0400,3/4 초과,NULL,,,C,H,3/4 초과,Y
CZ04,Z0401,1/4선,NULL,,,C,H,1/4선,Y
CZ04,Z0402,1/2선,NULL,,,C,H,1/2선,Y
CZ04,Z0403,3/4선,NULL,,,C,H,3/4선,Y
CZ04,Z0404,교과입력,NULL,,,C,NULL,NULL,N
CZ04,Z0405,강의개설입력,NULL,,,C,H,강의개설입력,Y
CZ04,Z0406,수강신청,NULL,,,C,NULL,NULL,N
CZ04,Z0407,강의시작종료일,NULL,,,C,A,강의일정,Y
CZ04,Z0408,기말시험,NULL,,,C,NULL,NULL,N
CZ04,Z0409,강의평가,NULL,,,C,A,강의평가,Y
CZ04,Z0410,성적입력,NULL,NULL,NULL,C,A,성적입력,Y
CZ04,Z0411,수강포기및정정기간,NULL,NULL,NULL,C,NULL,수강포기및정정기간,N
CZ04,Z0412,성적열람,NULL,NULL,NULL,S,A,성적열람,Y
CZ04,Z0413,학점포기,NULL,NULL,NULL,S,H,학점포기,Y
CZ04,Z0414,복학신청,NULL,NULL,NULL,S,A,복학신청,Y
CZ04,Z0415,휴학신청,NULL,,,S,A,휴학신청,Y
CZ04,Z0416,예비군편성신고기간,NULL,,,S,H,예비군편성신고기간,Y
CZ04,Z0417,강의평가열람,NULL,,,S,H,강의평가열람,Y
CZ04,Z0418,시험신청,NULL,,,S,G,시험신청,Y
CZ04,Z0419,시험결과조회,NULL,,,S,G,시험결과조회,Y
CZ04,Z0420,학위논문연구계획등록,NULL,,,S,G,학위논문연구계획등록,Y
CZ04,Z0421,졸업사정결과조회,NULL,,,S,H,졸업사정결과조회,Y
CZ04,Z0422,수업계획서 입력,NULL,,,S,H,수업계획서 입력기간,Y
CZ04,Z0423,KCC핵심역량진단설문,NULL,NULL,NULL,S,A,KCC핵심역량진단설문기간,Y
CZ04,Z0424,교내장학금신청,NULL,NULL,NULL,S,H,교내장학금신청기간,N
CZ04,Z0425,학생웹서비스 정정,NULL,,,S,H,학생 개인정보 정정기간,Y
CZ04,Z0426,중간 강의평가 기간,NULL,NULL,NULL,S,H,중간강의평가기간,Y
CZ04,Z0427,전자출결부 전체출석,NULL,,,S,A,전체일자 출석 가능,Y
CZ04,Z0428,개강40일,NULL,,,C,H,개강40일,Y
CZ04,Z0429,교육 인지도조사(교직원용),NULL,NULL,NULL,S,H,교육 인지도조사(교직원용),Y
CZ04,Z0430,교육 인지도조사(학생용),NULL,NULL,NULL,S,H,교육 인지도조사(학생용),Y
CZ04,Z0431,과정성과기간,NULL,NULL,NULL,S,H,과정성과입력기간,Y
CZ04,Z0432,중간CQI입력기간,NULL,NULL,NULL,S,H,중간CQI입력기간,Y
CZ04,Z0433,기말CQI입력기간,NULL,NULL,NULL,S,H,기말CQI입력기간,Y
CZ04,Z0434,등록고지서 출력기간,NULL,NULL,NULL,S,A,등록고지서 오픈,Y
CZ04,Z0435,등록금납부기간,NULL,NULL,NULL,S,H,등록금납부기간,Y
CZ04,Z0440,장학내역숨김,NULL,NULL,NULL,S,H,장학내역숨김,Y
CZ04,Z0441,등록금분할납부신청,NULL,NULL,NULL,S,A,등록금분할납부,Y
CZ04,Z0442,간호실습기간,NULL,NULL,NULL,S,H,간호실습,Y
CZ04,Z0443,BADGE입력가능기간,NULL,NULL,NULL,S,A,BADGE입력기간,Y
CZ04,Z0446,합격자확인기간,NULL,NULL,NULL,S,G,합격자확인기간,Y
CZ04,Z0447,합격자발표,NULL,NULL,NULL,S,G,합격자발표,Y
CZ04,Z0448,등록금납부기간,NULL,NULL,NULL,S,G,납부기간,Y
CZ04,Z0449,증명서용수업일자,NULL,NULL,NULL,S,G,증명서용수업일자,Y
CZ04,Z0450,교육비증명서출력,NULL,NULL,NULL,S,A,교육비증명서오픈기간,Y
CZ04,Z0451,논문제목 입력기간,NULL,NULL,NULL,S,G,논문제목 입력기간,Y
CZ04,Z0452,교수역량 사전평가,NULL,NULL,NULL,S,A,교수역량 사전평가,Y
CZ04,Z0453,교수역량 사후평가,NULL,NULL,NULL,S,A,교수역량 사후평가,Y
CZ04,Z0454,연구등록 신청기간,NULL,,,S,G,연구등록,Y
CZ04,Z0455,다전공 신청기간,NULL,,,S,H,다전공 신청기간,Y
CZ12,$,캠퍼스구분,NULL,NULL,NULL,C,NULL,NULL,Y
CZ12,Z1201,영도(본교),NULL,,,C,P1,NULL,Y
CZ12,Z1202,송도,NULL,,,C,P2,NULL,Y
CZ12,Z1203,천안,NULL,,,C,P1,NULL,Y
CZ14,$,주야구분,NULL,NULL,NULL,C,NULL,NULL,Y
CZ14,Z1401,주간,NULL,NULL,NULL,C,NULL,NULL,Y
CZ14,Z1402,야간,NULL,NULL,NULL,C,NULL,NULL,Y
CZ15,$,계열3구분,NULL,NULL,NULL,C,NULL,NULL,Y
CZ15,Z1501,인문,NULL,,,C,NULL,NULL,Y
CZ15,Z1502,사회,NULL,,,C,NULL,NULL,Y
CZ15,Z1503,자연,NULL,,,C,NULL,NULL,Y
CZ15,Z1504,예체능,NULL,,,C,NULL,NULL,Y
CZ15,Z1505,의학,NULL,,,C,NULL,NULL,Y
CZ15,Z1506,공학,NULL,,,C,NULL,NULL,Y
CZ16,$,계열4구분,NULL,NULL,NULL,C,NULL,NULL,Y
CZ16,Z1601,인문사회계,NULL,,,C,NULL,NULL,Y
CZ16,Z1602,자연과학계,NULL,NULL,NULL,C,NULL,NULL,Y
CZ16,Z1603,공학계,NULL,,,C,NULL,NULL,Y
CZ16,Z1604,의학계,NULL,NULL,NULL,C,NULL,NULL,Y
CZ16,Z1605,예체능계,NULL,NULL,NULL,C,NULL,NULL,Y
CZ16,Z1606,학연산협동과정,NULL,,,C,NULL,NULL,N
CZ16,Z1607,학과간협동과정,NULL,,,C,NULL,NULL,N
CZ17,$,계열5구분,NULL,NULL,NULL,C,NULL,NULL,Y
CZ17,Z1701,인문사회계,NULL,NULL,NULL,C,NULL,NULL,Y
CZ17,Z1702,자연계,NULL,NULL,NULL,C,NULL,NULL,Y
CZ17,Z1703,공학계,NULL,,,C,NULL,NULL,Y
CZ17,Z1704,의약계,NULL,NULL,NULL,C,NULL,NULL,Y
CZ17,Z1705,예체능계,NULL,NULL,NULL,C,NULL,NULL,Y
CZ17,Z1706,사범계,NULL,NULL,NULL,C,NULL,NULL,Y
CZ21,$,계열(등록)구분,NULL,NULL,NULL,C,NULL,NULL,N
CZ21,Z2101,인문,NULL,NULL,NULL,C,NULL,NULL,Y
CZ21,Z2102,자연,NULL,NULL,NULL,C,NULL,NULL,Y
CZ21,Z2103,미술,NULL,NULL,NULL,C,NULL,NULL,Y
CZ21,Z2104,음악,NULL,NULL,NULL,C,NULL,NULL,Y
CZ21,Z2105,간호,NULL,NULL,NULL,C,NULL,NULL,Y
CZ21,Z2106,의예,NULL,NULL,NULL,C,NULL,NULL,Y
CZ21,Z2107,의학,NULL,NULL,NULL,C,NULL,NULL,Y
CZ21,Z2108,유아교육,NULL,,,C,NULL,NULL,Y
CZ21,Z2109,사회,NULL,,,C,NULL,NULL,Y
CZ21,Z2111,"인문(일반대,석사)",NULL,NULL,NULL,C,NULL,NULL,Y
CZ21,Z2112,"자연(일반대,석사)",NULL,NULL,NULL,C,NULL,NULL,Y
CZ21,Z2113,"예능(일반대,석사)",NULL,NULL,NULL,C,NULL,NULL,Y
CZ21,Z2114,"인문(일반대,박사)",NULL,NULL,NULL,C,NULL,NULL,Y
CZ21,Z2115,"자연(일반대,박사)",NULL,NULL,NULL,C,NULL,NULL,Y
CZ21,Z2116,"예능(일반대,박사)",NULL,,,C,NULL,NULL,Y
CZ21,Z2117,인문(선교목회대),NULL,NULL,NULL,C,NULL,NULL,Y
CZ21,Z2118,인문(교육대),NULL,NULL,NULL,C,NULL,NULL,Y
CZ21,Z2119,자연(교육대),NULL,,,C,NULL,NULL,N
CZ21,Z2120,예능(교육대),NULL,,,C,NULL,NULL,N
CZ21,Z2121,자연(생활정보대),NULL,,,C,NULL,NULL,N
CZ21,Z2122,예능(생활정보대),NULL,,,C,NULL,NULL,N
CZ21,Z2123,인문(기독교상담대),NULL,NULL,NULL,C,NULL,NULL,Y
CZ21,Z2125,예능(교회음악대),NULL,NULL,NULL,C,NULL,NULL,Y
CZ21,Z2126,인문(TESOL대),NULL,,,C,NULL,NULL,Y
CZ21,Z2127,"의학(일반대,석사)",NULL,,,C,NULL,NULL,Y
CZ21,Z2128,"의학(일반대,박사)",NULL,,,C,NULL,NULL,Y
CZ21,Z2129,"보건(보건대,석사)",NULL,,,C,NULL,NULL,Y
CZ21,Z2131,여자신학원,NULL,NULL,NULL,C,NULL,NULL,Y
CZ21,Z2132,한국어교육원,NULL,,,C,NULL,NULL,Y
CZ21,Z2133,TESOL,NULL,,,C,NULL,NULL,Y
CZ21,Z2134,인문(전문상담교사),NULL,,,C,NULL,NULL,Y
CZ21,Z2135,인문(기독교세계관대),NULL,,,C,NULL,NULL,Y
CZ21,Z2136,"자연(일반대,석사(간호전문))",NULL,,,S,C,NULL,Y
CZ21,Z2140,"의학(일반대, 석박사 통합)",NULL,NULL,NULL,C,,,Y
CZ21,Z2141,평생교육원,NULL,,,C,NULL,NULL,Y
CZ21,Z2142,"의과학과(일반대,석사)",NULL,,,C,NULL,NULL,Y
CZ21,Z2143,"의과학과(일반대,박사)",NULL,,,C,NULL,NULL,Y
CZ21,Z2144,"의과학과(일반대,석박사 통합)",NULL,,,C,NULL,NULL,Y
CZ21,Z2145,인문사회(국제융합대),NULL,,,C,NULL,NULL,Y
CZ21,Z2146,예능(국제융합대),NULL,,,C,NULL,NULL,Y
CZ21,Z2147,예능(체육),NULL,,,C,NULL,NULL,Y
DA02,$,장학재단대출상품구분,NULL,NULL,NULL,S,NULL,NULL,Y
DA02,DA021,농촌학자금융자,NULL,,,S,NULL,DA011,Y
DA02,DA022,일반상환학자금_등록금,NULL,NULL,NULL,S,NULL,DA011,Y
DA02,DA023,취업후상환학자금_등록금,NULL,NULL,NULL,S,NULL,DA011,Y
DA02,DA024,일반상환학자금_생활비(한도),NULL,NULL,NULL,S,NULL,DA012,Y
DA02,DA025,취업후상환학자금_생활비(한도),NULL,NULL,NULL,S,NULL,DA012,Y
SA01,$,모집구분,NULL,NULL,NULL,S,NULL,NULL,Y
SA01,A0101,수시1학기,NULL,,,S,NULL,A,N
SA01,A0102,수시,NULL,,,S,NULL,A,Y
SA01,A0103,정시나군,NULL,,,S,NULL,D,Y
SA01,A0104,정시다군,NULL,,,S,NULL,E,Y
SA01,A0105,편입학,NULL,,,S,B,편입,Y
SA01,A0106,편입학(2차),NULL,,,S,B,편입(2차),Y
SA01,A0107,수시2차,NULL,,,S,NULL,A,N
SA01,A0108,편입학(3차),NULL,,,S,B,편입(3차),Y
SA01,A0109,재외국민과외국인,NULL,,,S,NULL,A,Y
SA01,A0110,추가모집,NULL,,,S,NULL,F,Y
SA01,A0112,추가모집2차,NULL,,,S,NULL,F,Y
SA01,A0113,추가모집3차,NULL,,,S,NULL,F,Y
SA01,A0114,추가모집4차,NULL,,,S,NULL,F,Y
SA01,A0115,추가모집5차,NULL,,,S,NULL,F,Y
SA01,A0116,추가모집6차,NULL,,,S,NULL,F,Y
SA01,A0117,추가모집7차,NULL,,,S,NULL,F,Y
SA01,A0118,추가모집8차,NULL,,,S,NULL,F,Y
SA01,A0120,재외국민과외국인(9월입학),NULL,,,S,NULL,A,Y
SA01,A0121,정시가군,NULL,,,S,NULL,C,N
SA01,A0122,편입학(4차),NULL,,,S,B,편입(4차),Y
SA01,A0123,편입학(5차),NULL,,,S,B,편입(5차),Y
SA31,$,입학구분,NULL,NULL,NULL,S,NULL,NULL,Y
SA31,A3101,신입학,NULL,NULL,NULL,S,NULL,B3301,Y
SA31,A3102,편입학,NULL,NULL,NULL,S,NULL,B3302,Y
SA31,A3103,일반대학원,NULL,NULL,NULL,S,NULL,대학원,N
SA31,A3104,선교대학원,NULL,NULL,NULL,S,NULL,선교,N
SA31,A3105,교육대학원,NULL,NULL,NULL,S,NULL,교육,N
SA31,A3106,생활정보대학원,NULL,NULL,NULL,S,NULL,생활정보,N
SA31,A3107,보건대학원,NULL,NULL,NULL,S,NULL,보건,N
SA59,$,교단구분,NULL,,,S,NULL,NULL,Y
SA59,A5901,개혁,NULL,,,S,NULL,NULL,Y
SA59,A5902,고려,NULL,,,S,NULL,NULL,Y
SA59,A5903,고신,NULL,,,S,NULL,NULL,Y
SA59,A5904,기감,NULL,,,S,NULL,NULL,Y
SA59,A5905,기성,NULL,,,S,NULL,NULL,Y
SA59,A5906,기장,NULL,,,S,NULL,NULL,Y
SA59,A5907,기침,NULL,,,S,NULL,NULL,Y
SA59,A5908,기하성,NULL,,,S,NULL,NULL,Y
SA59,A5909,대신,NULL,,,S,NULL,NULL,Y
SA59,A5910,성결,NULL,,,S,NULL,NULL,Y
SA59,A5911,순복음,NULL,,,S,NULL,NULL,Y
SA59,A5912,예성,NULL,,,S,NULL,NULL,Y
SA59,A5913,예장,NULL,,,S,NULL,NULL,Y
SA59,A5914,침례,NULL,,,S,NULL,NULL,N
SA59,A5915,침례회,NULL,,,S,NULL,NULL,N
SA59,A5916,기타,NULL,,,S,NULL,NULL,Y
SA59,A5917,통합,NULL,,,S,NULL,NULL,Y
SA59,A5918,합동,NULL,,,S,NULL,NULL,Y
SA59,A5919,합동보수,NULL,,,S,NULL,NULL,N
SA59,A5920,합동정통,NULL,,,S,NULL,NULL,N
SA59,A5921,합신,NULL,,,S,NULL,NULL,Y
SA59,A5922,그리스도,NULL,,,S,NULL,NULL,Y
SA59,A5923,독립교회 연합회,NULL,,,S,NULL,NULL,Y
SB01,$,정원내,NULL,NULL,NULL,S,NULL,NULL,Y
SB01,B0101,일반전형,101,NULL,NULL,S,NULL,신입,Y
SB01,B0102,일반편입,101,NULL,NULL,S,NULL,일편,Y
SB01,B0103,재입학,101,NULL,NULL,S,NULL,재입,Y
SB01,B0104,어학우수자,102,NULL,NULL,S,NULL,어학,Y
SB01,B0105,취업자,102,NULL,NULL,S,NULL,취업,Y
SB01,B0106,국가(독립)유공자자손특별전형,102,NULL,NULL,S,NULL,국가,Y
SB01,B0107,자기추천,102,NULL,NULL,S,NULL,자기,Y
SB01,B0108,주부,102,NULL,NULL,S,NULL,주부,Y
SB01,B0109,미술특기자,102,NULL,NULL,S,NULL,미술,Y
SB01,B0110,자격증소지자,102,NULL,NULL,S,NULL,자격,Y
SB01,B0111,만학도특별전형,102,NULL,NULL,S,NULL,만학,Y
SB01,B0112,담임교역자추천,102,NULL,NULL,S,NULL,담임,Y
SB01,B0113,학교장및담임추천,102,NULL,NULL,S,NULL,학담,Y
SB01,B0114,미술교사추천,102,NULL,NULL,S,NULL,미추,Y
SB01,B0115,농어촌교역자자녀,102,NULL,NULL,S,NULL,농교,Y
SB01,B0116,봉사자특별전형(입사),102,,,S,NULL,봉사,Y
SB01,B0117,대회입상자및경기실적우수자특별전형(입사),102,,,S,NULL,대회,Y
SB01,B0118,글로벌인재특별전형(입사),102,,,S,NULL,인재,Y
SB01,B0119,자매기관추천자특별전형(입사),102,,,S,NULL,자추,Y
SB01,B0120,일반고특별전형,102,NULL,NULL,S,NULL,인특,Y
SB01,B0121,특성화고특별전형,102,NULL,NULL,S,NULL,전특,Y
SB01,B0122,실기우수자특별전형,102,NULL,NULL,S,NULL,실기,Y
SB01,B0123,고신인재특별전형,102,NULL,NULL,S,NULL,인재,Y
SB01,B0124,고신사랑특별전형,102,NULL,NULL,S,NULL,사랑,Y
SB01,B0125,고신나눔특별전형,102,,,S,NULL,나눔,Y
SB01,B0126,자기추천자특별전형,102,,,S,NULL,코람,Y
SB01,B0127,사랑나눔특별전형,102,,,S,NULL,나눔,Y
SB01,B0128,지역인재특별전형,102,,,S,NULL,지역,Y
SB01,B0129,과학인재특별전형,102,,,S,NULL,과학,Y
SB01,B0130,글로벌인재특별전형,102,,,S,NULL,글로벌,Y
SB01,B0131,대안학교특별전형,102,NULL,NULL,S,NULL,대안학교,Y
SB02,$,정원외,NULL,NULL,NULL,S,NULL,NULL,Y
SB02,B0201,학사편입(정원외),210,NULL,NULL,S,2,학편,Y
SB02,B0202,농어촌학생특별전형(정원외),202,NULL,NULL,S,2,농촌,Y
SB02,B0203,교포및외교관자녀등,208,NULL,NULL,S,NULL,교포,Y
SB02,B0204,재외국민과외국인특별전형(정원외),208,NULL,NULL,S,2,외국,Y
SB02,B0205,특성화고동일계열특별전형(정원외),203,,,S,2,전동,Y
SB02,B0206,장애인,204,NULL,NULL,S,NULL,장애,Y
SB02,B0207,북한귀순동포,211,NULL,NULL,S,NULL,귀순,Y
SB02,B0208,특례재입학,299,NULL,NULL,S,NULL,특재,Y
SB02,B0209,위탁생,207,NULL,NULL,S,NULL,위탁,Y
SB02,B0210,외국인 편입학(정원외),208,NULL,NULL,S,2,외특,Y
SB02,B0211,전문계고졸재직자특별전형(정원외),206,,,S,2,전졸,Y
SB02,B0212,사회배려자특별전형(정원외),205,,,S,NULL,배려,Y
SB02,B0213,특수교육대상자특별전형(정원외),204,NULL,NULL,S,NULL,특수,Y
SB02,B0214,전문학사학위 편입학(정원외),299,NULL,NULL,S,NULL,전문,Y
SB03,$,학적상태,NULL,NULL,NULL,S,NULL,NULL,Y
SB03,B0301,재학,NULL,NULL,NULL,S,NULL,NULL,Y
SB03,B0302,휴학,NULL,NULL,NULL,S,NULL,NULL,Y
SB03,B0303,조기졸업,NULL,NULL,NULL,S,NULL,NULL,Y
SB03,B0304,졸업,NULL,NULL,NULL,S,NULL,NULL,Y
SB03,B0305,수료,NULL,NULL,NULL,S,NULL,NULL,Y
SB03,B0306,미수료,NULL,NULL,NULL,S,NULL,NULL,Y
SB03,B0307,수료(완료),NULL,NULL,NULL,S,NULL,NULL,Y
SB03,B0308,제적,NULL,NULL,NULL,S,NULL,NULL,Y
SB03,B0309,교환종료,NULL,NULL,NULL,S,NULL,NULL,Y
SB03,B0310,교환,NULL,NULL,NULL,S,NULL,NULL,Y
SB03,B0311,입학취소,NULL,NULL,NULL,S,NULL,NULL,N
SB03,B0320,학사학위취득유예,NULL,,,S,NULL,NULL,Y
SB06,$,소속변경구분,NULL,NULL,NULL,S,NULL,NULL,Y
SB06,B0601,전부(과),NULL,NULL,NULL,S,NULL,NULL,Y
SB06,B0602,성적경고,NULL,NULL,NULL,S,NULL,NULL,Y
SB06,B0603,부전공신청,NULL,NULL,NULL,S,NULL,NULL,Y
SB06,B0604,복수전공신청,NULL,NULL,NULL,S,NULL,NULL,Y
SB06,B0605,복수전공2신청,NULL,NULL,NULL,S,NULL,NULL,Y
SB06,B0606,전공배정신청,NULL,NULL,NULL,S,NULL,NULL,Y
SB06,B0607,부전공취소,NULL,NULL,NULL,S,NULL,NULL,Y
SB06,B0608,복수전공취소,NULL,NULL,NULL,S,NULL,NULL,Y
SB06,B0609,복수전공2취소,NULL,NULL,NULL,S,NULL,NULL,Y
SB06,B0610,조기졸업신청,NULL,NULL,NULL,S,NULL,NULL,Y
SB06,B0611,조기졸업취소,NULL,NULL,NULL,S,NULL,NULL,Y
SB06,B0612,융복합전공신청,NULL,,,S,NULL,NULL,Y
SB06,B0613,융복합신청취소,NULL,,,S,NULL,NULL,Y
SB08,$,휴학구분,NULL,NULL,NULL,S,NULL,NULL,Y
SB08,B0801,일반휴학,NULL,,,S,NULL,NULL,Y
SB08,B0802,군휴학,NULL,,,S,NULL,NULL,Y
SB08,B0803,일반휴학(6개월),NULL,,,S,NULL,NULL,Y
SB08,B0804,일반휴학(질병),NULL,,,S,NULL,NULL,N
SB08,B0805,임신출산휴학,NULL,,,S,NULL,NULL,Y
SB08,B0806,육아휴학,NULL,,,S,NULL,NULL,Y
SB08,B0807,창업휴학,NULL,,,S,NULL,NULL,Y
SB08,B0899,연속휴학,NULL,NULL,NULL,S,NULL,연속휴학체크용구분,N
SB11,$,상벌구분,NULL,NULL,NULL,S,NULL,F,Y
SB11,B1101,유기정학,NULL,NULL,NULL,S,NULL,F,Y
SB11,B1102,무기정학,NULL,NULL,NULL,S,NULL,F,Y
SB11,B1103,근신,NULL,NULL,NULL,S,NULL,F,Y
SB11,B1104,포상,NULL,NULL,NULL,S,NULL,NULL,Y
SB11,B1105,경고,NULL,,,S,NULL,F,Y
SB11,B1106,제적,NULL,,,S,NULL,F,Y
SB26,$,과정구분,NULL,NULL,NULL,S,NULL,NULL,Y
SB26,B2601,학부과정,NULL,NULL,NULL,S,H,NULL,Y
SB26,B2602,시간제,NULL,NULL,NULL,S,H,NULL,Y
SB26,B2603,교환학생,NULL,NULL,NULL,S,H,NULL,Y
SB26,B2604,타대학교류,NULL,,,S,H,계절학기교류,Y
SB26,B2605,석사,NULL,Master,,S,G,1,Y
SB26,B2606,석사과정(연구생),NULL,NULL,NULL,S,G,NULL,N
SB26,B2607,박사,NULL,Doctor,,S,G,2,Y
SB26,B2608,박사과정(연구생),NULL,NULL,NULL,S,G,NULL,N
SB26,B2609,석박사통합과정,NULL,Master & Doctor,NULL,S,G,3,Y
SB26,B2610,평생교육원과정,NULL,,,S,S,NULL,Y
SB26,B2611,비학위과정,NULL,NULL,NULL,S,A,NULL,Y
SB26,B2612,학점은행제,NULL,NULL,NULL,S,S,평생교육원,Y
SB26,B2620,복음간전,NULL,,,S,NULL,NULL,N
SB26,B2621,영어연수과정,NULL,,,S,A,NULL,Y
SB34,$,정원내외구분,NULL,NULL,NULL,S,NULL,NULL,Y
SB34,B3401,정원내,NULL,NULL,NULL,S,NULL,NULL,Y
SB34,B3402,정원외,NULL,NULL,NULL,S,NULL,NULL,Y
SB37,$,학적변동구분,NULL,NULL,NULL,S,NULL,NULL,Y
SB37,B3700,입학,NULL,,,S,NULL,NULL,N
SB37,B3701,휴학,NULL,NULL,NULL,S,NULL,NULL,Y
SB37,B3702,복학,NULL,NULL,NULL,S,NULL,NULL,Y
SB37,B3703,제적,NULL,NULL,NULL,S,NULL,NULL,Y
SB37,B3704,재입학,NULL,NULL,NULL,S,NULL,NULL,Y
SB37,B3705,유급,NULL,,,S,NULL,NULL,N
SB37,B3706,졸업,NULL,NULL,NULL,S,NULL,NULL,Y
SB37,B3707,수료,NULL,NULL,NULL,S,NULL,NULL,Y
SB37,B3720,유예,NULL,,,S,NULL,학사학위취득유예,Y
SB38,$,교환구분,NULL,NULL,NULL,S,NULL,NULL,Y
SB38,B3801,교환입학,NULL,NULL,NULL,S,NULL,NULL,Y
SB38,B3802,교환파견,NULL,NULL,NULL,S,NULL,NULL,Y
SB38,B3803,복수학위입학,NULL,,,S,NULL,NULL,Y
SB38,B3804,복수학위파견,NULL,,,S,NULL,NULL,Y
SB38,B3805,학점교류입학,NULL,,,S,NULL,NULL,Y
SB38,B3806,학점교류파견,NULL,,,S,NULL,NULL,Y
SB42,$,부·복수·융복합전공이수구분,NULL,,,S,NULL,NULL,Y
SB42,B4201,신청,NULL,NULL,NULL,S,NULL,NULL,Y
SB42,B4202,이수,NULL,NULL,NULL,S,NULL,NULL,Y
SB42,B4203,미이수,NULL,NULL,NULL,S,NULL,NULL,Y
SB42,B4204,취소,NULL,NULL,NULL,S,NULL,NULL,Y
SB51,$,학생확인구분,NULL,,,S,NULL,NULL,Y
SB51,B5101,연락처확인,NULL,,,S,NULL,NULL,Y
SB51,B5102,제적 확인,NULL,,,S,NULL,NULL,Y
SB51,B5103,휴학 확인,NULL,,,S,NULL,NULL,Y
SB51,B5104,복학 확인,NULL,,,S,NULL,NULL,Y
SB51,B5105,기타 확인,NULL,,,S,NULL,NULL,Y
SB51,B5106,드림학생 여부,NULL,,,S,NULL,NULL,Y
SB52,$,휴학사유구분,NULL,,,S,NULL,NULL,Y
SB52,B5201,개인사정,NULL,,,S,NULL,105,Y
SB52,B5202,어학연수,NULL,,,S,NULL,102,Y
SB52,B5203,취업준비,NULL,,,S,NULL,103,Y
SB52,B5204,경제사정,NULL,,,S,NULL,104,Y
SB52,B5205,군입대,NULL,,,S,NULL,101,Y
SB52,B5206,창업,NULL,,,S,NULL,106,Y
SB52,B5207,임신.출산.육아,NULL,,,S,NULL,105,Y
SB52,B5208,질병(4주이상),NULL,,,S,NULL,107,Y
SB52,B5209,유급,NULL,,,S,NULL,105,Y
SC01,$,영역구분,NULL,NULL,NULL,S,NULL,NULL,Y
SC01,C0101,일반교양,NULL,,,S,Z1601,기소과,Y
SC01,C0102,균형교양_인문과학계,NULL,,,S,Z1601,인과계,Y
SC01,C0103,균형교양_사회과학계,NULL,,,S,Z1601,사과계,Y
SC01,C0104,균형교양_문화예술계,NULL,,,S,Z1605,문예계,Y
SC01,C0105,균형교양_자연과학계,NULL,,,S,Z1602,자과계,Y
SC01,C0106,균형교양_컴퓨터과학,NULL,,,S,Z1602,컴과계,Y
SC01,C0107,학제,NULL,N,,S,Z1601,학제,Y
SC01,C0108,핵심교양,NULL,N,,S,Z1601,핵심교양,Y
SC01,C0109,기초교양,NULL,N,,S,Z1601,기초교양,Y
SC01,C0121,교직-이론,NULL,N,,S,Z1601,교-이론,Y
SC01,C0122,교직-교과교육,NULL,N,,S,Z1601,교-교교,Y
SC01,C0123,교직-교육실습,NULL,N,,S,Z1601,교-교실,Y
SC01,C0124,교직-교과교육(아동),NULL,N,,S,Z1601,교-교교(아),Y
SC01,C0125,교직-교육실습(아동),NULL,N,,S,Z1601,교-교실(아),Y
SC01,C0131,교직기본(종교),NULL,N,,S,Z1601,교기(종),Y
SC01,C0132,교직기본(아동),NULL,N,,S,Z1601,교기(아),Y
SC01,C0133,교직기본(가정),NULL,N,NULL,S,Z1601,교기(가),Y
SC01,C0134,교직기본(환경),NULL,N,NULL,S,Z1602,교기(환),Y
SC01,C0141,MIC트랙(선교),NULL,,,S,Z1601,MIC(선),Y
SC01,C0142,MIC트랙(IT),NULL,,,S,Z1602,MIC(IT),Y
SC01,C0143,MIC트랙(중국어),NULL,,,S,Z1601,MIC(중),Y
SC01,C0144,MIC트랙(영어),NULL,,,S,Z1601,MIC(영),Y
SC01,C0145,균형교양_문학·예술,NULL,,,S,Z1601,NULL,Y
SC01,C0146,균형교양_역사·철학·종교,NULL,,,S,Z1601,NULL,Y
SC01,C0147,균형교양_사회·문화,NULL,,,S,Z1601,NULL,Y
SC01,C0148,균형교양_과학·기술,NULL,,,S,Z1602,NULL,Y
SC01,C0149,자유교양_체험·인성,NULL,,,S,Z1601,NULL,Y
SC01,C0150,자유교양_자기계발,NULL,,,S,Z1601,NULL,Y
SC04,$,강좌구분,NULL,NULL,NULL,S,NULL,NULL,Y
SC04,C0401,일반강좌,NULL,NULL,NULL,S,NULL,NULL,Y
SC04,C0402,팀티칭,NULL,NULL,NULL,S,NULL,NULL,Y
SC04,C0403,Blended Learning,NULL,,,S,NULL,NULL,Y
SC04,C0404,E-Learning,NULL,,,S,NULL,NULL,Y
SC04,C0405,원어강좌,NULL,NULL,NULL,S,NULL,NULL,Y
SC04,C0406,토론/세미나,NULL,,,S,NULL,NULL,Y
SC04,C0407,실험/실습,NULL,,,S,NULL,NULL,Y
SC04,C0408,현장실습,NULL,,,S,NULL,NULL,Y
SC04,C0409,실기,NULL,,,S,NULL,NULL,Y
SC04,C0410,플립러닝,NULL,,,S,NULL,NULL,Y
SC04,C0411,팀티칭외,NULL,,,S,NULL,NULL,Y
SC04,C0499,교직과목에만 추가,NULL,,,S,NULL,NULL,N
SC14,$,성적부여구분,NULL,NULL,NULL,S,NULL,NULL,Y
SC14,C1401,등급제,NULL,NULL,NULL,S,NULL,NULL,Y
SC14,C1402,P급제,NULL,NULL,NULL,S,NULL,NULL,Y
SC14,C1403,기타,NULL,,,S,NULL,NULL,N
SD02,$,이수구분,NULL,이수구분,이수구분,S,NULL,NULL,N
SD02,D0201,교양필수과목,NULL,NULL,NULL,S,A,교필,Y
SD02,D0202,교양선택과목,NULL,NULL,NULL,S,A,교선,Y
SD02,D0203,공통필수,NULL,NULL,NULL,S,G,공통,Y
SD02,D0204,전공필수,NULL,NULL,NULL,S,G,전필,Y
SD02,D0205,공통필수교양과목,NULL,,,S,12,공교,N
SD02,D0206,전공선택,NULL,NULL,NULL,S,G,전선,Y
SD02,D0207,전공과목,NULL,NULL,NULL,S,G,전공,Y
SD02,D0208,선택과목,NULL,NULL,NULL,S,G,선택,Y
SD02,D0209,선수과목,NULL,NULL,NULL,S,G,선수,Y
SD02,D0210,교직과목,NULL,NULL,NULL,S,A,교직,Y
SD02,D0211,전공필수과목Ⅰ,NULL,NULL,NULL,S,41,전필Ⅰ,Y
SD02,D0212,전공선택과목Ⅰ,NULL,NULL,NULL,S,42,전선Ⅰ,Y
SD02,D0213,전공필수과목Ⅱ,NULL,NULL,NULL,S,43,전필Ⅱ,Y
SD02,D0214,전공선택과목Ⅱ,NULL,NULL,NULL,S,44,전선Ⅱ,Y
SD02,D0215,복수전공지정과목,NULL,NULL,NULL,S,54,지정,N
SD02,D0216,교직지정,NULL,NULL,NULL,S,53,교정,N
SD02,D0217,복수전공지정과목Ⅱ,NULL,NULL,NULL,S,54,지정Ⅱ,N
SD02,D0218,기타과정과목,NULL,NULL,NULL,S,90,기타,N
SD02,D0219,졸업과정,NULL,NULL,NULL,S,Z1,졸과,Y
SD02,D0220,연구과정,NULL,NULL,NULL,S,G,연구,Y
SD02,D0221,인정학점,NULL,NULL,NULL,S,G,인정,N
SD02,D0230,대학원청강인정,NULL,,,S,G,청강,N
SD02,D0241,전공기초,NULL,,,S,Z2,전기,Y
SD02,D0250,융복합전공필수,NULL,,,S,55,융전,Y
SD02,D0251,융복합전공선택,NULL,,,S,56,융선,Y
SD02,D0252,모듈필수,NULL,,,S,57,모필,Y
SD02,D0253,모듈선택,NULL,,,S,58,모선,Y
SD10,$,강사료업무구분,NULL,NULL,NULL,S,NULL,NULL,Y
SD10,D1001,초과강의료,NULL,NULL,NULL,S,NULL,NULL,Y
SD10,D1002,시간강의료,NULL,NULL,NULL,S,NULL,NULL,Y
SD10,D1003,계절강의료,NULL,NULL,NULL,S,NULL,NULL,Y
SE05,$,합반사유구분,NULL,,,S,NULL,NULL,Y
SE05,E0501,강의평가합반,NULL,,,S,NULL,NULL,Y
SE05,E0502,성적입력합반,NULL,,,S,NULL,NULL,Y
SE05,E0503,음악과_합반(실기제외),NULL,,,S,NULL,NULL,Y
SF01,$,성적구분,NULL,NULL,NULL,S,NULL,NULL,Y
SF01,F0100,구분없음,NULL,,,S,NULL,NULL,Y
SF01,F0101,재수강 과목,NULL,NULL,NULL,S,NULL,NULL,Y
SF01,F0102,삭제(재수강1)*,NULL,NULL,NULL,S,NULL,NULL,Y
SF01,F0103,삭제(졸업자평정)*,NULL,,,S,NULL,NULL,Y
SF01,F0104,해외학기인정(Pass),NULL,,,S,NULL,NULL,Y
SF01,F0105,편입성적,NULL,NULL,NULL,S,NULL,NULL,Y
SF01,F0106,교환성적(Pass),NULL,,,S,NULL,NULL,Y
SF01,F0107,졸업성적,NULL,NULL,NULL,S,NULL,NULL,Y
SF01,F0108,재수강포기,NULL,NULL,NULL,S,NULL,NULL,Y
SF01,F0109,삭제(학점포기),NULL,,,S,NULL,NULL,Y
SF01,F0110,삭제(재수강3)재재,NULL,NULL,NULL,S,NULL,NULL,Y
SF01,F0111,삭제(유급),NULL,,,S,NULL,NULL,Y
SF01,F0112,인턴쉽(Pass),NULL,,,S,NULL,NULL,Y
SF01,F0113,기관성적인정(Pass),NULL,NULL,NULL,S,NULL,NULL,Y
SF01,F0114,삭제(징계),NULL,,,S,NULL,NULL,Y
SF01,F0115,삭제(등록금미납),NULL,,,S,NULL,NULL,Y
SF01,F0116,대학원간 학점인정,NULL,NULL,NULL,S,,,Y
SF01,F0117,학습경험인정,NULL,,,S,NULL,NULL,Y
SH01,$,장학구분,NULL,NULL,NULL,S,NULL,NULL,Y
SH01,H0101,교내(학비감면),학비감면,,,S,NULL,NULL,Y
SH01,H0102,교외(과거),교외과거,,,S,NULL,NULL,N
SH01,H0103,교내(장학금),교내장학,,,S,NULL,NULL,Y
SH01,H0104,교외,교외장학,,,S,NULL,NULL,Y
SH02,$,장학세부분류,NULL,NULL,NULL,S,NULL,NULL,Y
SH02,H0201,성적우수,NULL,NULL,NULL,S,NULL,NULL,Y
SH02,H0202,교역자자녀,NULL,NULL,NULL,S,NULL,NULL,Y
SH02,H0203,가족재학,NULL,,,S,NULL,NULL,Y
SH02,H0204,봉사(총대),NULL,NULL,NULL,S,NULL,NULL,Y
SH02,H0205,봉사,NULL,NULL,NULL,S,NULL,NULL,Y
SH02,H0206,교육자자녀,NULL,NULL,NULL,S,NULL,NULL,Y
SH02,H0207,교직원직계,NULL,NULL,NULL,S,NULL,NULL,Y
SH02,H0208,보훈,NULL,NULL,NULL,S,NULL,NULL,Y
SH02,H0209,군종,NULL,NULL,NULL,S,NULL,NULL,Y
SH02,H0210,기초생활보장,NULL,NULL,NULL,S,NULL,NULL,Y
SH02,H0211,간호선교,NULL,NULL,NULL,S,NULL,NULL,Y
SH02,H0212,외국인학생,NULL,NULL,NULL,S,NULL,NULL,Y
SH02,H0213,수재민,NULL,NULL,NULL,S,NULL,NULL,Y
SH02,H0214,신입생추천,NULL,NULL,NULL,S,NULL,NULL,Y
SH02,H0215,근로장학,NULL,,,S,NULL,NULL,Y
SH02,H0216,생활보호,NULL,NULL,NULL,S,NULL,NULL,Y
SH02,H0217,선교,NULL,NULL,NULL,S,NULL,NULL,Y
SH02,H0218,의대외부장학,NULL,NULL,NULL,S,NULL,NULL,Y
SH02,H0219,대학생 튜터링(국고),NULL,,,S,NULL,사랑의장학금,Y
SH02,H0220,학생연구원,NULL,NULL,NULL,S,NULL,NULL,Y
SH02,H0221,협약기관추천,NULL,NULL,NULL,S,NULL,NULL,Y
SH02,H0222,희망드림,NULL,,,S,NULL,NULL,Y
SH02,H0223,소망장학,NULL,,,S,NULL,NULL,Y
SH02,H0224,새터민(교내),NULL,,,S,NULL,NULL,Y
SH02,H0225,미래드림,NULL,,,S,NULL,NULL,Y
SH02,H0226,세계로장학,NULL,,,S,NULL,NULL,Y
SH02,H0227,지방대인문계,NULL,,,S,NULL,NULL,Y
SH02,H0228,이공계지역대학,NULL,,,S,NULL,NULL,Y
SH02,H0229,복음병원장,NULL,,,S,NULL,NULL,Y
SH02,H0230,신입생지역우수,NULL,,,S,NULL,NULL,Y
SH02,H0231,일반대학원,NULL,NULL,NULL,S,NULL,NULL,Y
SH02,H0232,선교목회대학원,NULL,NULL,NULL,S,NULL,NULL,Y
SH02,H0233,교육대학원,NULL,NULL,NULL,S,NULL,NULL,Y
SH02,H0234,기독교상담대학원,NULL,,,S,NULL,NULL,Y
SH02,H0235,교회음악대학원,NULL,,,S,NULL,NULL,Y
SH02,H0236,기독교세계관대학원,NULL,,,S,NULL,NULL,Y
SH02,H0237,보건대학원,NULL,,,S,NULL,NULL,Y
SH02,H0238,대학원의학과,NULL,,,S,NULL,NULL,Y
SH02,H0239,편입학추천,NULL,NULL,NULL,S,,,Y
SH02,H0240,(대학원)교외장학,NULL,,,S,NULL,NULL,Y
SH02,H0241,새터민(교외),NULL,,,S,NULL,NULL,Y
SH02,H0242,고신인재,NULL,,,S,NULL,NULL,Y
SH02,H0243,교직원복지,NULL,,,S,NULL,NULL,Y
SH02,H0244,디딤돌,NULL,,,S,NULL,NULL,Y
SH02,H0245,봉사(임원),NULL,,,S,NULL,NULL,Y
SH02,H0246,신입생I+,NULL,,,S,H1,NULL,Y
SH02,H0247,한상동사관학교,NULL,NULL,NULL,S,,,Y
SH02,H0248,대학혁신지원사업,NULL,NULL,NULL,S,,,Y
SH02,H0249,신학대학원,NULL,NULL,NULL,S,,,Y
SH02,H0250,드림장학,NULL,,,S,NULL,NULL,Y
SH02,H0251,복지,NULL,,,S,NULL,NULL,Y
SH02,H0252,장애도우미(대응),NULL,,,S,NULL,NULL,Y
SH02,H0253,국가근로(대응),NULL,,,S,NULL,NULL,Y
SH02,H0254,토포스,NULL,,,S,NULL,NULL,Y
SH02,H0255,코람데오,NULL,,,S,NULL,NULL,Y
SH02,H0256,총대장학,NULL,,,S,NULL,NULL,Y
SH02,H0257,에벤에셀,NULL,,,S,NULL,NULL,Y
SH02,H0258,해외문화연수,NULL,,,S,NULL,NULL,Y
SH02,H0259,복지(기타),NULL,,,S,NULL,NULL,Y
SH02,H0260,봉사(기타),NULL,,,S,NULL,NULL,Y
SH02,H0261,국가 군,NULL,,,S,NULL,NULL,Y
SH02,H0262,국가근로(국고),NULL,,,S,NULL,NULL,Y
SH02,H0263,국가 보훈,NULL,,,S,NULL,NULL,Y
SH02,H0264,국가 미래드림,NULL,,,S,NULL,NULL,Y
SH02,H0265,국가 이공계,NULL,,,S,NULL,NULL,Y
SH02,H0266,국가 인사계,NULL,,,S,NULL,NULL,Y
SH02,H0267,장애도우미(국고),NULL,,,S,NULL,NULL,Y
SH02,H0268,국가 희망드림,NULL,,,S,NULL,NULL,Y
SH02,H0269,국가 새터민,NULL,,,S,NULL,NULL,Y
SH02,H0270,개인기탁,NULL,,,S,NULL,NULL,Y
SH02,H0271,교계단체,NULL,,,S,NULL,NULL,Y
SH02,H0272,교회후원,NULL,,,S,NULL,NULL,Y
SH02,H0273,군경목외부,NULL,,,S,NULL,NULL,Y
SH02,H0274,기업체후원,NULL,,,S,NULL,NULL,Y
SH02,H0275,동문후원,NULL,,,S,NULL,NULL,Y
SH02,H0276,외국인유학생,NULL,,,S,NULL,NULL,Y
SH02,H0277,재단및장학회,NULL,,,S,NULL,NULL,Y
SH02,H0278,지자체,NULL,,,S,NULL,NULL,Y
SH02,H0279,학과기탁,NULL,,,S,NULL,NULL,Y
SH02,H0280,국가 우수드림,NULL,,,S,NULL,NULL,Y
SH02,H0281,국가 사랑드림,NULL,,,S,NULL,NULL,Y
SH02,H0282,국가장학 유형I,NULL,,,S,NULL,NULL,Y
SH02,H0283,국가장학 유형II,NULL,,,S,NULL,NULL,Y
SH02,H0284,에벤에셀(교내),NULL,,,S,NULL,NULL,Y
SH02,H0285,민간단체,NULL,,,S,NULL,NULL,Y
SH02,H0286,멘토링,NULL,,,S,NULL,NULL,Y
SH02,H0287,국가장학 다자녀,NULL,,,S,NULL,NULL,Y
SH02,H0288,특기장학,NULL,,,S,NULL,NULL,Y
SH02,H0289,지차제 회계미결산,NULL,,,S,NULL,NULL,Y
SH02,H0290,국가장학 희망사다리,NULL,,,S,NULL,NULL,Y
SH02,H0291,국가장학 지방인재,NULL,,,S,NULL,NULL,Y
SH02,H0292,사설및기타 회계미결산,NULL,,,S,NULL,NULL,Y
SH02,H0293,선교사자녀,NULL,,,S,NULL,NULL,Y
SH02,H0294,국가 농림부,NULL,,,S,NULL,NULL,Y
SH02,H0295,국가장학 입학감축대응금,NULL,NULL,NULL,S,NULL,NULL,Y
SH02,H0296,다문화,NULL,,,S,NULL,NULL,Y
SH02,H0297,국가장학 입학금폐지분,NULL,,,S,NULL,NULL,Y
SH02,H0298,교외장학,NULL,NULL,NULL,S,NULL,NULL,Y
SH02,H0299,중복장학,NULL,NULL,NULL,S,NULL,NULL,Y
SH02,H0300,국가대청교지원사업,NULL,,,S,NULL,NULL,Y
SH02,H0301,국가 회계미결산,NULL,,,S,NULL,NULL,Y
SH02,H0302,국가장학 유형II(신·편입생지원),NULL,,,S,NULL,NULL,Y
SH02,H0303,고교교육기여대학지원사업,NULL,,,S,NULL,NULL,Y
SH02,H0304,신입생우수,NULL,,,S,NULL,NULL,Y
SH02,H0305,국가 주거안정장학금,NULL,,,S,NULL,NULL,Y
SH02,H0306,라이즈지원사업,NULL,,,S,NULL,NULL,Y
SH07,$,수혜구분,NULL,NULL,NULL,S,NULL,NULL,Y
SH07,H0701,수혜,NULL,NULL,NULL,S,NULL,NULL,Y
SH07,H0702,비수혜,NULL,NULL,NULL,S,NULL,NULL,Y
SH07,H0703,수혜예정,NULL,,,S,NULL,NULL,Y
SH08,$,차수,NULL,NULL,NULL,S,NULL,NULL,Y
SH08,H0801,1차,NULL,NULL,NULL,S,NULL,NULL,Y
SH08,H0802,2차,NULL,NULL,NULL,S,NULL,NULL,Y
SH08,H0803,3차,NULL,NULL,NULL,S,NULL,NULL,Y
SH08,H0804,4차,NULL,,,S,NULL,NULL,Y
SH08,H0805,5차,NULL,,,S,NULL,NULL,Y
SH08,H0806,6차,NULL,NULL,NULL,S,,,Y
SH16,$,장학통계분류코드,NULL,,,S,NULL,NULL,Y
SH16,H1601,성적우수장학금,NULL,,,S,NULL,1,Y
SH16,H1602,저소득층장학금,NULL,,,S,NULL,2,Y
SH16,H1603,근로장학금,NULL,,,S,NULL,3,Y
SH16,H1604,교직원장학금,NULL,,,S,NULL,4,Y
SH16,H1605,기타장학금,NULL,,,S,NULL,5,Y
SH16,H1611,국가,NULL,,,S,NULL,1,Y
SH16,H1612,지방자치단체,NULL,,,S,NULL,2,Y
SH16,H1613,사설 및 기타,NULL,,,S,NULL,3,Y
SH16,H1614,재난장학금,NULL,,,S,NULL,6,Y
SI01,$,등록구분,NULL,NULL,NULL,S,NULL,NULL,Y
SI01,I0101,신입학등록,NULL,NULL,NULL,S,NULL,NULL,Y
SI01,I0102,편입학등록,NULL,NULL,NULL,S,NULL,NULL,Y
SI01,I0103,재입학등록,NULL,NULL,NULL,S,NULL,NULL,Y
SI01,I0104,재학생등록,NULL,NULL,NULL,S,NULL,NULL,Y
SI01,I0105,복학전액등록,NULL,NULL,NULL,S,NULL,NULL,Y
SI01,I0106,복학면제등록,NULL,NULL,NULL,S,NULL,NULL,Y
SI01,I0107,복학차액등록,NULL,NULL,NULL,S,NULL,NULL,Y
SI01,I0108,미졸업등록,NULL,NULL,NULL,S,NULL,NULL,Y
SI01,I0109,일반휴학생,NULL,NULL,NULL,S,NULL,NULL,Y
SI01,I0111,연구등록,NULL,NULL,NULL,S,NULL,NULL,Y
SI01,I0112,시간제등록,NULL,,,S,NULL,NULL,Y
SI04,$,잡부금,NULL,NULL,NULL,S,NULL,NULL,Y
SI04,I0401,학생회비,NULL,NULL,NULL,S,NULL,NULL,Y
SI04,I0402,학회비,NULL,NULL,NULL,S,NULL,NULL,Y
SI04,I0403,졸업준비금,NULL,NULL,NULL,S,NULL,NULL,Y
SI04,I0404,OT비,NULL,NULL,NULL,S,NULL,NULL,Y
SI04,I0405,동문회비,NULL,NULL,NULL,S,NULL,NULL,Y
SI04,I0406,액자비,NULL,NULL,NULL,S,NULL,NULL,Y
SI04,I0407,원우회비,NULL,NULL,NULL,C,NULL,NULL,Y
SI04,I0408,실기시험준비비,NULL,,,C,NULL,NULL,Y
SI04,I0409,기숙사비,NULL,NULL,NULL,C,,,Y
SI04,I0410,기타경비,NULL,NULL,NULL,C,,,Y
SI06,$,등록생구분,NULL,NULL,NULL,S,NULL,NULL,Y
SI06,I0601,신입생,NULL,NULL,NULL,S,NULL,NULL,Y
SI06,I0602,편입생,NULL,NULL,NULL,S,NULL,NULL,Y
SI06,I0603,재입학생,NULL,NULL,NULL,S,NULL,NULL,Y
SI06,I0604,재학생,NULL,NULL,NULL,S,NULL,NULL,Y
SI06,I0605,등록이월생,NULL,NULL,NULL,S,NULL,NULL,Y
SI06,I0606,학점등록생,NULL,NULL,NULL,S,NULL,NULL,Y
SI06,I0607,학점등록이월생,NULL,NULL,NULL,S,NULL,NULL,Y
SI06,I0608,10%휴학생,NULL,NULL,NULL,S,NULL,NULL,Y
SI06,I0611,연구등록생,NULL,NULL,NULL,S,NULL,NULL,Y
SI06,I0612,시간제학생,NULL,,,S,NULL,NULL,Y
SI08,$,등록은행,NULL,NULL,NULL,S,NULL,NULL,Y
SI08,I0801,재무팀,NULL,,,S,NULL,NULL,Y
SI08,I0802,국민은행,NULL,NULL,NULL,S,NULL,NULL,Y
SI08,I0803,신한은행,NULL,NULL,NULL,S,NULL,NULL,N
SI08,I0804,농협,NULL,NULL,NULL,S,NULL,NULL,Y
SI08,I0805,농협대출,NULL,,,S,NULL,NULL,N
SI08,I0806,HC대출,NULL,NULL,NULL,S,NULL,NULL,N
SI08,I0807,계좌이체,NULL,NULL,NULL,S,NULL,NULL,Y
SI08,I0808,부산은행,NULL,NULL,NULL,S,NULL,NULL,Y
SI08,I0809,BC카드,NULL,NULL,NULL,S,NULL,NULL,N
SI08,I0810,LG카드,NULL,NULL,NULL,S,NULL,NULL,N
SI08,I0811,삼성카드,NULL,,,S,NULL,NULL,Y
SI08,I0812,장학대체,NULL,,,S,NULL,NULL,Y
SI08,I0813,외부장학대체,NULL,,,S,NULL,NULL,Y
SI08,I0814,부산은행가상계좌,NULL,,,S,NULL,NULL,N
SI08,I0815,학생복지지원팀,NULL,,,S,,,Y
SI08,I0816,총학생회,NULL,NULL,NULL,S,,,Y
SI08,I0817,재무팀(송),NULL,,,S,NULL,NULL,Y
SI09,$,분할납부 코드,NULL,NULL,NULL,S,NULL,NULL,Y
SI09,I0901,분납1차,NULL,NULL,NULL,S,NULL,NULL,Y
SI09,I0902,분납2차,NULL,NULL,NULL,S,NULL,NULL,Y
SI09,I0903,분납3차,NULL,NULL,NULL,S,NULL,NULL,Y
SI09,I0904,분납4차,NULL,NULL,NULL,S,NULL,NULL,Y
SI09,I0905,분납5차,NULL,NULL,NULL,S,NULL,NULL,Y
SI09,I0906,분납완납,NULL,NULL,NULL,S,NULL,NULL,Y
SI09,I0907,분납6차,NULL,,,S,NULL,NULL,Y
SI16,$,수납구분,NULL,NULL,NULL,S,NULL,NULL,Y
SI16,I1601,완납,NULL,NULL,NULL,S,NULL,NULL,Y
SI16,I1602,미납,NULL,NULL,NULL,S,NULL,NULL,Y
SI16,I1603,분납,NULL,NULL,NULL,S,NULL,NULL,Y
SI16,I1604,10%수납,NULL,NULL,NULL,S,NULL,NULL,Y
SI16,I1605,학비감면,NULL,NULL,NULL,S,NULL,NULL,Y
SI16,I1606,환불,NULL,NULL,NULL,S,NULL,NULL,Y
SI17,$,수납환불구분,NULL,NULL,NULL,S,NULL,NULL,Y
SI17,I1701,수납,NULL,NULL,NULL,S,NULL,NULL,Y
SI17,I1702,환불,NULL,NULL,NULL,S,NULL,NULL,Y
SI18,$,등록차수구분,NULL,NULL,NULL,S,NULL,NULL,Y
SI18,I1801,본등록,NULL,NULL,NULL,S,NULL,NULL,Y
SI18,I1802,추가등록1,NULL,,,S,NULL,NULL,Y
SI18,I1803,추가등록2,NULL,,,S,NULL,NULL,Y
SI18,I1805,분납1차,NULL,NULL,NULL,S,NULL,NULL,Y
SI18,I1806,분납2차,NULL,NULL,NULL,S,NULL,NULL,Y
SI18,I1807,분납3차,NULL,NULL,NULL,S,NULL,NULL,Y
SI18,I1808,분납4차,NULL,NULL,NULL,S,NULL,NULL,Y
SI18,I1809,분납5차,NULL,,,S,NULL,NULL,Y
SI18,I1810,분납6차,NULL,,,S,NULL,NULL,Y
SI20,$,캠퍼스구분,NULL,NULL,NULL,S,NULL,NULL,Y
SI20,I2001,본부,NULL,NULL,NULL,S,NULL,NULL,Y
SI20,I2002,송도캠퍼스,NULL,,,S,NULL,NULL,Y
SM01,$,신급,NULL,NULL,NULL,S,NULL,NULL,Y
SM01,M0101,유아세례,NULL,NULL,NULL,S,NULL,NULL,Y
SM01,M0102,입교,NULL,NULL,NULL,S,NULL,NULL,Y
SM01,M0103,학습,NULL,NULL,NULL,S,NULL,NULL,Y
SM01,M0104,세례,NULL,NULL,NULL,S,NULL,NULL,Y
SM01,M0105,원입,NULL,NULL,NULL,S,NULL,NULL,Y
SQ00,$,기부(단체)구분,NULL,,,C,NULL,NULL,Y
SQ00,10,개인,NULL,,,C,NULL,NULL,Y
SQ00,20,기관,NULL,,,C,NULL,NULL,Y
SQ00,30,기업,NULL,,,C,NULL,NULL,Y
SQ10,$,기부구분,NULL,NULL,NULL,C,NULL,NULL,Y
SQ10,Q1001,발전기금,NULL,NULL,NULL,C,NULL,NULL,Y
SQ10,Q1002,장학기금,NULL,NULL,NULL,C,NULL,NULL,Y
SQ10,Q1003,약정,NULL,,,C,NULL,NULL,Y
SQ10,Q1004,기부보험,NULL,,,C,NULL,NULL,Y
SQ11,$,기부구분2,NULL,NULL,NULL,C,NULL,NULL,Y
SQ11,Q1101,일반,NULL,NULL,NULL,C,NULL,NULL,Y
SQ11,Q1102,등록금한번더내기,NULL,,,C,NULL,NULL,Y
SQ11,Q1103,등록금한번더내기(동문),NULL,,,C,NULL,NULL,N
SQ11,Q1104,생활관지정,NULL,NULL,NULL,C,NULL,NULL,Y
SQ11,Q1105,개혁주의학술원지정,NULL,NULL,NULL,C,NULL,NULL,Y
SQ11,Q1106,외국인유학생지정,NULL,,,C,NULL,1108010,Y
SQ11,Q1107,행사지정,NULL,NULL,NULL,C,NULL,NULL,Y
SQ11,Q1108,UPC세계종합선교센터지정,NULL,,,C,NULL,NULL,Y
SQ11,Q1109,만나운동,NULL,,,C,NULL,NULL,N
SQ11,Q110A,에벤에셀관지정,NULL,,,C,NULL,NULL,Y
SQ11,Q110B,대학원지정,NULL,,,C,NULL,NULL,Y
SQ11,Q110C,학과지정,NULL,,,C,학과,NULL,Y
SQ11,Q110D,한국어교육원지정,NULL,,,C,NULL,NULL,Y
SQ11,Q110E,세계종합선교센터지정,NULL,,,C,NULL,NULL,Y
SQ11,Q110F,파이프오르간지정,NULL,,,C,NULL,NULL,Y
SQ11,Q110G,학과지정(태권도선교학과),NULL,,,C,학과,1211000,Y
SQ11,Q110H,복지관지정,NULL,,,C,NULL,NULL,Y
SQ11,Q110I,무척산지정,NULL,,,C,NULL,NULL,Y
SQ11,Q110J,연구기부금,NULL,,,C,NULL,NULL,Y
SQ11,Q110K,한상동사관학교지정,NULL,,,C,NULL,NULL,Y
SQ11,Q110L,에벤에셀칼리지지정,NULL,,,C,NULL,NULL,Y
SQ11,Q110M,선교사명센터지정,NULL,,,C,NULL,NULL,Y
SQ11,Q110N,교수연구기금,NULL,,,C,NULL,NULL,Y
SQ11,Q110O,학과지정(신학과),NULL,,,C,학과,1210100,Y
SQ11,Q110P,학과지정(간호학과),NULL,,,C,학과,1250100,Y
SQ11,Q110Q,학과지정(의료경영학과),NULL,,,C,학과,1221100,Y
SQ11,Q110R,학과지정(국제통상영어전공),NULL,,,C,학과,1280201,Y
SQ11,Q110S,학과지정(직업재활상담학과),NULL,,,C,학과,1270100,Y
SQ11,Q110T,학과지정(아동복지학과),NULL,,,C,학과,1221600,Y
SQ11,Q110U,사회복지학과지정미사용,NULL,,,C,학과,1222000,N
SQ11,Q110V,학과지정(기독교교육과),NULL,,,C,학과,1210200,Y
SQ11,Q110Z,기타,NULL,,,C,NULL,NULL,Y
SQ11,Q1151,교육선교사,NULL,교육선교사,,C,NULL,ONLINE,Y
SQ11,Q1152,기관후원,NULL,기관후원,,C,NULL,ONLINE,Y
SQ11,Q1153,교무지원팀지정,NULL,,,C,NULL,NULL,Y
SQ11,Q1154,총무시설팀지정,NULL,,,C,NULL,NULL,Y
SQ11,Q1155,입학관리팀지정,NULL,,,C,NULL,NULL,Y
SQ11,Q1156,학과지정(디지털영상마케팅학과),NULL,,,C,학과,1220803,Y
SQ11,Q1157,학생지원팀지정,NULL,,,C,NULL,NULL,Y
SQ11,Q1158,학과지정(작업치료학과),NULL,,,C,학과,1232300,Y
SQ11,Q1159,교목실지정,NULL,,,C,NULL,NULL,Y
SQ11,Q1160,기독사상연구소지정,NULL,,,C,NULL,NULL,Y
